Sample_ID,Sample_Name,Sample_Group,Basename,filenames,Sentrix_ID,Sentrix_Position,Sample_Dataset,Material,Platform,Label_PMOC,Label_SMOC,Label_STAD,Label_COAD
0,PMOC_TEST_SAMPLE_38,PMOC,205624890066_R01C01,205624890066_R01C01,205624890066,R01C01,CHARITE,FFPE,EPIC
1,PMOC_TEST_SAMPLE_43,PMOC,205624890066_R03C01,205624890066_R03C01,205624890066,R03C01,CHARITE,FFPE,EPIC
3,PMOC_TEST_SAMPLE_41,PMOC,205624890066_R05C01,205624890066_R05C01,205624890066,R05C01,CHARITE,FFPE,EPIC
4,PMOC_TEST_SAMPLE_39,PMOC,205624890066_R07C01,205624890066_R07C01,205624890066,R07C01,CHARITE,FFPE,EPIC
5,PMOC_TEST_SAMPLE_53,PMOC,205038940097_R03C01,205038940097_R03C01,205038940097,R03C01,CHARITE,FFPE,EPIC
6,PMOC_TEST_SAMPLE_52,PMOC,205038940097_R04C01,205038940097_R04C01,205038940097,R04C01,CHARITE,FFPE,EPIC
7,PMOC_TEST_SAMPLE_51,PMOC,205038940097_R05C01,205038940097_R05C01,205038940097,R05C01,CHARITE,FFPE,EPIC
8,PMOC_TEST_SAMPLE_50,PMOC,205038940097_R06C01,205038940097_R06C01,205038940097,R06C01,CHARITE,FFPE,EPIC
9,PMOC_TEST_SAMPLE_60,PMOC,205038940097_R07C01,205038940097_R07C01,205038940097,R07C01,CHARITE,FFPE,EPIC
10,PMOC_TEST_SAMPLE_58,PMOC,205038940097_R08C01,205038940097_R08C01,205038940097,R08C01,CHARITE,FFPE,EPIC
11,PMOC_TEST_SAMPLE_59,PMOC,205038940105_R01C01,205038940105_R01C01,205038940105,R01C01,CHARITE,FFPE,EPIC
12,PMOC_TEST_SAMPLE_57,PMOC,205038940105_R02C01,205038940105_R02C01,205038940105,R02C01,CHARITE,FFPE,EPIC
13,PMOC_TEST_SAMPLE_56,PMOC,205038940105_R03C01,205038940105_R03C01,205038940105,R03C01,CHARITE,FFPE,EPIC
14,PMOC_TEST_SAMPLE_55,PMOC,205038940105_R04C01,205038940105_R04C01,205038940105,R04C01,CHARITE,FFPE,EPIC
15,PMOC_TEST_SAMPLE_54,PMOC,205038940105_R05C01,205038940105_R05C01,205038940105,R05C01,CHARITE,FFPE,EPIC
16,206036790172_R04C01,PMOC,206036790172_R04C01,206036790172_R04C01,206036790172,R04C01,CHARITE,FFPE,EPIC
17,PMOC_TEST_65,PMOC,205854140048_R01C01,205854140048_R01C01,205854140048,R01C01,CHARITE,FFPE,EPIC
18,PMOC_TEST_66,PMOC,205854140048_R02C01,205854140048_R02C01,205854140048,R02C01,CHARITE,FFPE,EPIC
19,PMOC_TEST_67,PMOC,205854140048_R03C01,205854140048_R03C01,205854140048,R03C01,CHARITE,FFPE,EPIC
20,PMOC_TEST_68,PMOC,205854140048_R04C01,205854140048_R04C01,205854140048,R04C01,CHARITE,FFPE,EPIC
21,PMOC_TEST_64,PMOC,205689140047_R02C01,205689140047_R02C01,205689140047,R02C01,CHARITE,FFPE,EPIC
22,PMOC_TEST_69,PMOC,206687200110_R01C01,206687200110_R01C01,206687200110,R01C01,CHARITE,FFPE,EPIC
23,PMOC_TEST_70,PMOC,206687200110_R02C01,206687200110_R02C01,206687200110,R02C01,CHARITE,FFPE,EPIC
24,PMOC_TEST_71,PMOC,206687200110_R03C01,206687200110_R03C01,206687200110,R03C01,CHARITE,FFPE,EPIC
25,PMOC_TEST_72,PMOC,206687200110_R07C01,206687200110_R07C01,206687200110,R07C01,CHARITE,FFPE,EPIC
26,207339140052_R07C01,PMOC,207339140052_R07C01,207339140052_R07C01,207339140052,R07C01,CHARITE,FFPE,EPIC
27,207339140052_R08C01,PMOC,207339140052_R08C01,207339140052_R08C01,207339140052,R08C01,CHARITE,FFPE,EPIC
28,207343250050_R01C01,PMOC,207343250050_R01C01,207343250050_R01C01,207343250050,R01C01,CHARITE,FFPE,EPIC
29,207343250050_R03C01,PMOC,207343250050_R03C01,207343250050_R03C01,207343250050,R03C01,CHARITE,FFPE,EPIC
30,207343250050_R04C01,PMOC,207343250050_R04C01,207343250050_R04C01,207343250050,R04C01,CHARITE,FFPE,EPIC
31,Australia_PMOC_5,PMOC,207179230142_R05C01,207179230142_R05C01,207179230142,R05C01,Australia,FFPE,EPIC
32,Australia_PMOC_6,PMOC,207179230142_R06C01,207179230142_R06C01,207179230142,R06C01,Australia,FFPE,EPIC
33,Australia_PMOC_7,PMOC,207179230142_R07C01,207179230142_R07C01,207179230142,R07C01,Australia,Frozen,EPIC
34,Australia_PMOC_8,PMOC,207179230142_R08C01,207179230142_R08C01,207179230142,R08C01,Australia,FFPE,EPIC
35,207343250050_R06C01,PMOC,207343250050_R06C01,207343250050_R06C01,207343250050,R06C01,CHARITE,FFPE,EPIC
37,207695720088_R07C01,PMOC,207695720088_R07C01,207695720088_R07C01,207695720088,R07C01,CHARITE,FFPE,EPIC
38,207343250050_R07C01,PMOC,207343250050_R07C01,207343250050_R07C01,207343250050,R07C01,CHARITE,FFPE,EPIC
39,207343250050_R08C01,PMOC,207343250050_R08C01,207343250050_R08C01,207343250050,R08C01,CHARITE,FFPE,EPIC
40,CHARITE_mBOT_1,mBOT,207331540050_R08C01,207331540050_R08C01,207331540050,R08C01,CHARITE,FFPE,EPIC
41,CHARITE_mBOT_2,mBOT,207179230144_R07C01,207179230144_R07C01,207179230144,R07C01,CHARITE,FFPE,EPIC
42,CHARITE_mBOT_3,mBOT,207331540101_R01C01,207331540101_R01C01,207331540101,R01C01,CHARITE,FFPE,EPIC
43,CHARITE_mBOT_4,mBOT,207331540101_R03C01,207331540101_R03C01,207331540101,R03C01,CHARITE,FFPE,EPIC
44,CHARITE_mBOT_5,mBOT,207179230144_R01C01,207179230144_R01C01,207179230144,R01C01,CHARITE,FFPE,EPIC
45,CHARITE_mBOT_6,mBOT,207331540101_R04C01,207331540101_R04C01,207331540101,R04C01,CHARITE,FFPE,EPIC
46,CHARITE_mBOT_7,mBOT,207331540101_R05C01,207331540101_R05C01,207331540101,R05C01,CHARITE,FFPE,EPIC
47,CHARITE_mBOT_8,mBOT,207331540101_R07C01,207331540101_R07C01,207331540101,R07C01,CHARITE,FFPE,EPIC
48,CHARITE_mBOT_9,mBOT,207331540101_R06C01,207331540101_R06C01,207331540101,R06C01,CHARITE,FFPE,EPIC
49,CHARITE_mBOT_10,mBOT,207331540101_R08C01,207331540101_R08C01,207331540101,R08C01,CHARITE,FFPE,EPIC
0,208779470163_R06C01,mBOT,208779470163_R06C01,208779470163_R06C01,208779470163,R06C01,CHARITE,FFPE,EPICv2
1,208779470163_R07C01,mBOT,208779470163_R07C01,208779470163_R07C01,208779470163,R07C01,CHARITE,FFPE,EPICv2
2,208779470163_R08C01,mBOT,208779470163_R08C01,208779470163_R08C01,208779470163,R08C01,CHARITE,FFPE,EPICv2
3,208779470163_R04C01,mBOT,208779470163_R04C01,208779470163_R04C01,208779470163,R04C01,CHARITE,FFPE,EPICv2
4,208779470163_R03C01,mBOT,208779470163_R03C01,208779470163_R03C01,208779470163,R03C01,CHARITE,FFPE,EPICv2
5,208779470163_R02C01,mBOT,208779470163_R02C01,208779470163_R02C01,208779470163,R02C01,CHARITE,FFPE,EPICv2
6,208779470163_R01C01,mBOT,208779470163_R01C01,208779470163_R01C01,208779470163,R01C01,CHARITE,FFPE,EPICv2
7,208779470163_R05C01,mBOT,208779470163_R05C01,208779470163_R05C01,208779470163,R05C01,CHARITE,FFPE,EPICv2
2,SMOC_TEST_SAMPLE_rediagnosed_1,SMOC,205624890066_R04C01,205624890066_R04C01,205624890066,R04C01,CHARITE,FFPE,EPIC
36,207695720088_R06C01,SMOC,207695720088_R06C01,207695720088_R06C01,207695720088,R06C01,CHARITE,FFPE,EPIC
50,SMOC_TEST_SAMPLE_18,SMOC,204792780076_R03C01,204792780076_R03C01,204792780076,R03C01,CHARITE,FFPE,EPIC
51,SMOC_TEST_SAMPLE_28,SMOC,205289440138_R01C01,205289440138_R01C01,205289440138,R01C01,CHARITE,FFPE,EPIC
53,SMOC_TEST_SAMPLE_29,SMOC,204921830125_R06C01,204921830125_R06C01,204921830125,R06C01,CHARITE,FFPE,EPIC
54,SMOC_TEST_SAMPLE_30,SMOC,204921830125_R05C01,204921830125_R05C01,204921830125,R05C01,CHARITE,FFPE,EPIC
55,SMOC_TEST_SAMPLE_27,SMOC,204957750112_R08C01,204957750112_R08C01,204957750112,R08C01,CHARITE,FFPE,EPIC
56,SMOC_TEST_SAMPLE_44,SMOC,205617070049_R03C01,205617070049_R03C01,205617070049,R03C01,CHARITE,FFPE,EPIC
57,SMOC_TEST_SAMPLE_49,SMOC,205617070049_R04C01,205617070049_R04C01,205617070049,R04C01,CHARITE,FFPE,EPIC
58,SMOC_TEST_SAMPLE_48,SMOC,205617070049_R05C01,205617070049_R05C01,205617070049,R05C01,CHARITE,FFPE,EPIC
59,SMOC_TEST_SAMPLE_47,SMOC,205617070049_R06C01,205617070049_R06C01,205617070049,R06C01,CHARITE,FFPE,EPIC
60,SMOC_TEST_SAMPLE_36,SMOC,205624890055_R01C01,205624890055_R01C01,205624890055,R01C01,CHARITE,FFPE,EPIC
61,SMOC_TEST_SAMPLE_35,SMOC,205624890055_R02C01,205624890055_R02C01,205624890055,R02C01,CHARITE,FFPE,EPIC
62,207695720088_R01C01,SMOC,207695720088_R01C01,207695720088_R01C01,207695720088,R01C01,CHARITE,FFPE,EPIC
63,207695720088_R02C01,SMOC,207695720088_R02C01,207695720088_R02C01,207695720088,R02C01,CHARITE,FFPE,EPIC
64,207695720088_R03C01,SMOC,207695720088_R03C01,207695720088_R03C01,207695720088,R03C01,CHARITE,FFPE,EPIC
65,207695720088_R04C01,SMOC,207695720088_R04C01,207695720088_R04C01,207695720088,R04C01,CHARITE,FFPE,EPIC
66,207695720088_R05C01,SMOC,207695720088_R05C01,207695720088_R05C01,207695720088,R05C01,CHARITE,FFPE,EPIC
0,204792780076_R02C01,SMOC,204792780076_R02C01,204792780076_R02C01,204792780076,R02C01,CHARITE,FFPE,EPIC
0,204957750112_R05C01,SMOC,204957750112_R05C01,204957750112_R05C01,204957750112,R05C01,CHARITE,FFPE,EPIC
0,204792780076_R05C01,SMOC,204792780076_R05C01,204792780076_R05C01,204792780076,R05C01,CHARITE,FFPE,EPIC
0,204792780094_R08C01,SMOC,204792780094_R08C01,204792780094_R08C01,204792780094,R08C01,CHARITE,FFPE,EPIC
0,204792780125_R01C01,SMOC,204792780125_R01C01,204792780125_R01C01,204792780125,R01C01,CHARITE,FFPE,EPIC
0,204792780125_R02C01,SMOC,204792780125_R02C01,204792780125_R02C01,204792780125,R02C01,CHARITE,FFPE,EPIC
0,205537620156_R04C01,SMOC,205537620156_R04C01,205537620156_R04C01,205537620156,R04C01,CHARITE,FFPE,EPIC
0,205537620156_R05C01,SMOC,205537620156_R05C01,205537620156_R05C01,205537620156,R05C01,CHARITE,FFPE,EPIC
0,204957750112_R01C01,SMOC,204957750112_R01C01,204957750112_R01C01,204957750112,R01C01,CHARITE,FFPE,EPIC
0,205289440138_R04C01,SMOC,205289440138_R04C01,205289440138_R04C01,205289440138,R04C01,CHARITE,FFPE,EPIC
0,205289440138_R08C01,SMOC,205289440138_R08C01,205289440138_R08C01,205289440138,R08C01,CHARITE,FFPE,EPIC
0,204957750112_R02C01,SMOC,204957750112_R02C01,204957750112_R02C01,204957750112,R02C01,CHARITE,FFPE,EPIC
0,204957750112_R03C01,SMOC,204957750112_R03C01,204957750112_R03C01,204957750112,R03C01,CHARITE,FFPE,EPIC
0,207343250050_R05C01,SMOC,207343250050_R05C01,207343250050_R05C01,207343250050,R05C01,CHARITE,FFPE,EPIC
0,204957750112_R04C01,SMOC,204957750112_R04C01,204957750112_R04C01,204957750112,R04C01,CHARITE,FFPE,EPIC
0,206687200110_R06C01,SMOC,206687200110_R06C01,206687200110_R06C01,206687200110,R06C01,CHARITE,FFPE,EPIC
0,204957750112_R06C01,SMOC,204957750112_R06C01,204957750112_R06C01,204957750112,R06C01,CHARITE,FFPE,EPIC
0,204957750112_R07C01,SMOC,204957750112_R07C01,204957750112_R07C01,204957750112,R07C01,CHARITE,FFPE,EPIC
0,205617070049_R07C01,SMOC,205617070049_R07C01,205617070049_R07C01,205617070049,R07C01,CHARITE,FFPE,EPIC
0,205617070049_R01C01,SMOC,205617070049_R01C01,205617070049_R01C01,205617070049,R01C01,CHARITE,FFPE,EPIC
LAMN_TEST_83,205814880008_R07C01,LAMN,205814880008_R07C01,205814880008_R07C01,205814880008,R07C01,CHARITE,FFPE,EPIC
LAMN_TEST_84,205814880008_R08C01,LAMN,205814880008_R08C01,205814880008_R08C01,205814880008,R08C01,CHARITE,FFPE,EPIC
LAMN_TEST_85,205832320085_R06C01,LAMN,205832320085_R06C01,205832320085_R06C01,205832320085,R06C01,CHARITE,FFPE,EPIC
LAMN_TEST_86,205832320085_R07C01,LAMN,205832320085_R07C01,205832320085_R07C01,205832320085,R07C01,CHARITE,FFPE,EPIC
PAAD_metastasis_6,206687210091_R06C01,PAAD,206687210091_R06C01,206687210091_R06C01,206687210091,R06C01,CHARITE,FFPE,EPIC
PAAD_metastasis_7,206687210091_R07C01,PAAD,206687210091_R07C01,206687210091_R07C01,206687210091,R07C01,CHARITE,FFPE,EPIC
PAAD_metastasis_8,206687210091_R08C01,PAAD,206687210091_R08C01,206687210091_R08C01,206687210091,R08C01,CHARITE,FFPE,EPIC
PAAD_metastasis_9,207179230128_R01C01,PAAD,207179230128_R01C01,207179230128_R01C01,207179230128,R01C01,CHARITE,FFPE,EPIC
PAAD_metastasis_10,207179230128_R02C01,PAAD,207179230128_R02C01,207179230128_R02C01,207179230128,R02C01,CHARITE,FFPE,EPIC
PAAD_metastasis_11,207179230128_R03C01,PAAD,207179230128_R03C01,207179230128_R03C01,207179230128,R03C01,CHARITE,FFPE,EPIC
PAAD_metastasis_12,207179230128_R04C01,PAAD,207179230128_R04C01,207179230128_R04C01,207179230128,R04C01,CHARITE,FFPE,EPIC
PAAD_metastasis_13,207179230128_R05C01,PAAD,207179230128_R05C01,207179230128_R05C01,207179230128,R05C01,CHARITE,FFPE,EPIC
TEST_SAMPLE_34,205735150055_R02C01,PAAD,205735150055_R02C01,205735150055_R02C01,205735150055,R02C01,CHARITE,FFPE,EPIC
TEST_SAMPLE_35,205735150055_R03C01,PAAD,205735150055_R03C01,205735150055_R03C01,205735150055,R03C01,CHARITE,FFPE,EPIC
TEST_SAMPLE_36,205735150055_R04C01,PAAD,205735150055_R04C01,205735150055_R04C01,205735150055,R04C01,CHARITE,FFPE,EPIC
TEST_SAMPLE_37,205735150055_R05C01,PAAD,205735150055_R05C01,205735150055_R05C01,205735150055,R05C01,CHARITE,FFPE,EPIC
TEST_SAMPLE_38,205735150055_R06C01,PAAD,205735150055_R06C01,205735150055_R06C01,205735150055,R06C01,CHARITE,FFPE,EPIC
TEST_SAMPLE_39,205828600120_R06C01,PAAD,205828600120_R06C01,205828600120_R06C01,205828600120,R06C01,CHARITE,FFPE,EPIC
TEST_SAMPLE_40,205828600120_R07C01,PAAD,205828600120_R07C01,205828600120_R07C01,205828600120,R07C01,CHARITE,FFPE,EPIC
TEST_SAMPLE_41,205828600120_R08C01,PAAD,205828600120_R08C01,205828600120_R08C01,205828600120,R08C01,CHARITE,FFPE,EPIC
208767630170_R05C01,208767630170_R05C01,STAD,208767630170_R05C01,208767630170_R05C01,208767630170,R05C01,CHARITE,FFPE,EPICv2
208767630170_R06C01,208767630170_R06C01,STAD,208767630170_R06C01,208767630170_R06C01,208767630170,R06C01,CHARITE,FFPE,EPICv2
208767630170_R07C01,208767630170_R07C01,STAD,208767630170_R07C01,208767630170_R07C01,208767630170,R07C01,CHARITE,FFPE,EPICv2
208767630170_R08C01,208767630170_R08C01,STAD,208767630170_R08C01,208767630170_R08C01,208767630170,R08C01,CHARITE,FFPE,EPICv2
208767630174_R01C01,208767630174_R01C01,STAD,208767630174_R01C01,208767630174_R01C01,208767630174,R01C01,CHARITE,FFPE,EPICv2
208767630174_R02C01,208767630174_R02C01,STAD,208767630174_R02C01,208767630174_R02C01,208767630174,R02C01,CHARITE,FFPE,EPICv2
208767630174_R03C01,208767630174_R03C01,STAD,208767630174_R03C01,208767630174_R03C01,208767630174,R03C01,CHARITE,FFPE,EPICv2
208767630174_R04C01,208767630174_R04C01,STAD,208767630174_R04C01,208767630174_R04C01,208767630174,R04C01,CHARITE,FFPE,EPICv2
208767630174_R05C01,208767630174_R05C01,STAD,208767630174_R05C01,208767630174_R05C01,208767630174,R05C01,CHARITE,FFPE,EPICv2
208767630174_R06C01,208767630174_R06C01,STAD,208767630174_R06C01,208767630174_R06C01,208767630174,R06C01,CHARITE,FFPE,EPICv2
208767630174_R07C01,208767630174_R07C01,STAD,208767630174_R07C01,208767630174_R07C01,208767630174,R07C01,CHARITE,FFPE,EPICv2
208767630174_R08C01,208767630174_R08C01,STAD,208767630174_R08C01,208767630174_R08C01,208767630174,R08C01,CHARITE,FFPE,EPICv2
207899840055_R03C01,207899840055_R03C01,COAD,207899840055_R03C01,207899840055_R03C01,207899840055,R03C01,CHARITE,FFPE,EPICv2
207899840055_R04C01,207899840055_R04C01,COAD,207899840055_R04C01,207899840055_R04C01,207899840055,R04C01,CHARITE,FFPE,EPICv2
207899840055_R05C01,207899840055_R05C01,COAD,207899840055_R05C01,207899840055_R05C01,207899840055,R05C01,CHARITE,FFPE,EPICv2
207899840055_R06C01,207899840055_R06C01,COAD,207899840055_R06C01,207899840055_R06C01,207899840055,R06C01,CHARITE,FFPE,EPICv2
207899840062_R01C01,207899840062_R01C01,COAD,207899840062_R01C01,207899840062_R01C01,207899840062,R01C01,CHARITE,FFPE,EPICv2
207899840062_R02C01,207899840062_R02C01,COAD,207899840062_R02C01,207899840062_R02C01,207899840062,R02C01,CHARITE,FFPE,EPICv2
207899840062_R03C01,207899840062_R03C01,COAD,207899840062_R03C01,207899840062_R03C01,207899840062,R03C01,CHARITE,FFPE,EPICv2
207899840062_R04C01,207899840062_R04C01,COAD,207899840062_R04C01,207899840062_R04C01,207899840062,R04C01,CHARITE,FFPE,EPICv2
207899840062_R05C01,207899840062_R05C01,COAD,207899840062_R05C01,207899840062_R05C01,207899840062,R05C01,CHARITE,FFPE,EPICv2
GSM7438045,GSM7438045_Sample_29_CRC,COAD,GSM7438045_Sample_29_CRC,GSM7438045_Sample_29_CRC,GSM7438045_Sample_29,CRC,GSE233854,FFPE,EPIC
GSM7438047,GSM7438047_Sample_30_CRC,COAD,GSM7438047_Sample_30_CRC,GSM7438047_Sample_30_CRC,GSM7438047_Sample_30,CRC,GSE233854,FFPE,EPIC
GSM7438049,GSM7438049_Sample_31_CRC,COAD,GSM7438049_Sample_31_CRC,GSM7438049_Sample_31_CRC,GSM7438049_Sample_31,CRC,GSE233854,FFPE,EPIC
GSM7438051,GSM7438051_Sample_32_CRC,COAD,GSM7438051_Sample_32_CRC,GSM7438051_Sample_32_CRC,GSM7438051_Sample_32,CRC,GSE233854,FFPE,EPIC
GSM7438053,GSM7438053_Sample_28_CRC_2,COAD,GSM7438053_Sample_28_CRC_2,GSM7438053_Sample_28_CRC_2,GSM7438053_Sample_28,CRC_2,GSE233854,FFPE,EPIC
GSM7438054,GSM7438054_Sample_33_CRC,COAD,GSM7438054_Sample_33_CRC,GSM7438054_Sample_33_CRC,GSM7438054_Sample_33,CRC,GSE233854,FFPE,EPIC
GSM7438055,GSM7438055_Sample_34_CRC,COAD,GSM7438055_Sample_34_CRC,GSM7438055_Sample_34_CRC,GSM7438055_Sample_34,CRC,GSE233854,FFPE,EPIC
GSM7438057,GSM7438057_Sample_35_CRC,COAD,GSM7438057_Sample_35_CRC,GSM7438057_Sample_35_CRC,GSM7438057_Sample_35,CRC,GSE233854,FFPE,EPIC
GSM7438059,GSM7438059_Sample_36_CRC,COAD,GSM7438059_Sample_36_CRC,GSM7438059_Sample_36_CRC,GSM7438059_Sample_36,CRC,GSE233854,FFPE,EPIC
GSM7438061,GSM7438061_Sample_37_CRC,COAD,GSM7438061_Sample_37_CRC,GSM7438061_Sample_37_CRC,GSM7438061_Sample_37,CRC,GSE233854,FFPE,EPIC
GSM7438062,GSM7438062_Sample_38_CRC,COAD,GSM7438062_Sample_38_CRC,GSM7438062_Sample_38_CRC,GSM7438062_Sample_38,CRC,GSE233854,FFPE,EPIC
TEST_SAMPLE_15,205854140082_R01C01,iCCA,205854140082_R01C01,205854140082_R01C01,205854140082,R01C01,CHARITE,FFPE,EPIC
TEST_SAMPLE_16,205854140082_R08C01,iCCA,205854140082_R08C01,205854140082_R08C01,205854140082,R08C01,CHARITE,FFPE,EPIC
TEST_SAMPLE_17,205854140082_R07C01,iCCA,205854140082_R07C01,205854140082_R07C01,205854140082,R07C01,CHARITE,FFPE,EPIC
TEST_SAMPLE_18,205854140082_R06C01,iCCA,205854140082_R06C01,205854140082_R06C01,205854140082,R06C01,CHARITE,FFPE,EPIC
TEST_SAMPLE_19,205854140082_R05C01,iCCA,205854140082_R05C01,205854140082_R05C01,205854140082,R05C01,CHARITE,FFPE,EPIC
TEST_SAMPLE_20,205854140082_R04C01,iCCA,205854140082_R04C01,205854140082_R04C01,205854140082,R04C01,CHARITE,FFPE,EPIC
TEST_SAMPLE_21,205854140082_R03C01,iCCA,205854140082_R03C01,205854140082_R03C01,205854140082,R03C01,CHARITE,FFPE,EPIC
TEST_SAMPLE_22,205854140082_R02C01,iCCA,205854140082_R02C01,205854140082_R02C01,205854140082,R02C01,CHARITE,FFPE,EPIC
TEST_SAMPLE_43,205814880009_R01C01,iCCA,205814880009_R01C01,205814880009_R01C01,205814880009,R01C01,CHARITE,FFPE,EPIC
TEST_SAMPLE_44,205814880009_R02C01,iCCA,205814880009_R02C01,205814880009_R02C01,205814880009,R02C01,CHARITE,FFPE,EPIC
TEST_SAMPLE_45,205814880009_R03C01,iCCA,205814880009_R03C01,205814880009_R03C01,205814880009,R03C01,CHARITE,FFPE,EPIC
TEST_SAMPLE_46,205814880009_R04C01,iCCA,205814880009_R04C01,205814880009_R04C01,205814880009,R04C01,CHARITE,FFPE,EPIC
TEST_SAMPLE_47,205814880009_R05C01,iCCA,205814880009_R05C01,205814880009_R05C01,205814880009,R05C01,CHARITE,FFPE,EPIC
TEST_SAMPLE_48,205814880009_R06C01,iCCA,205814880009_R06C01,205814880009_R06C01,205814880009,R06C01,CHARITE,FFPE,EPIC
TEST_SAMPLE_49,205814880009_R07C01,iCCA,205814880009_R07C01,205814880009_R07C01,205814880009,R07C01,CHARITE,FFPE,EPIC
TEST_SAMPLE_50,205814880009_R08C01,iCCA,205814880009_R08C01,205814880009_R08C01,205814880009,R08C01,CHARITE,FFPE,EPIC
GSM7927593,GSM7927593_MTX11_206009570036_R04C01,LUAD,GSM7927593_MTX11_206009570036_R04C01,GSM7927593_MTX11_206009570036_R04C01,206009570036,R04C01,GSE249157,Frozen,EPIC
GSM7927594,GSM7927594_MTX12_206009570036_R05C01,LUAD,GSM7927594_MTX12_206009570036_R05C01,GSM7927594_MTX12_206009570036_R05C01,206009570036,R05C01,GSE249157,Frozen,EPIC
GSM7927597,GSM7927597_MTX3_206009570062_R03C01,LUAD,GSM7927597_MTX3_206009570062_R03C01,GSM7927597_MTX3_206009570062_R03C01,206009570062,R03C01,GSE249157,Frozen,EPIC
GSM7927598,GSM7927598_MTX4_206009570062_R04C01,LUAD,GSM7927598_MTX4_206009570062_R04C01,GSM7927598_MTX4_206009570062_R04C01,206009570062,R04C01,GSE249157,Frozen,EPIC
brain_cancer_8,203821710048_R06C01,LUAD,203821710048_R06C01,203821710048_R06C01,203821710048,R06C01,CHARITE,FFPE,EPIC
brain_cancer_9,203013210156_R01C01,LUAD,203013210156_R01C01,203013210156_R01C01,203013210156,R01C01,CHARITE,FFPE,EPIC
brain_cancer_11,205041750127_R02C01,LUAD,205041750127_R02C01,205041750127_R02C01,205041750127,R02C01,CHARITE,FFPE,EPIC
GSM6528876,GSM6528876_202253660013_R06C01,BRCA,GSM6528876_202253660013_R06C01,GSM6528876_202253660013_R06C01,202253660013,R06C01,GSE212370,FFPE,EPIC
GSM6528882,GSM6528882_202253620087_R06C01,BRCA,GSM6528882_202253620087_R06C01,GSM6528882_202253620087_R06C01,202253620087,R06C01,GSE212370,Frozen,EPIC
GSM6528885,GSM6528885_202253660016_R03C01,BRCA,GSM6528885_202253660016_R03C01,GSM6528885_202253660016_R03C01,202253660016,R03C01,GSE212370,Frozen,EPIC
GSM6528887,GSM6528887_202253660014_R08C01,BRCA,GSM6528887_202253660014_R08C01,GSM6528887_202253660014_R08C01,202253660014,R08C01,GSE212370,FFPE,EPIC
GSM6528893,GSM6528893_202253640050_R07C01,BRCA,GSM6528893_202253640050_R07C01,GSM6528893_202253640050_R07C01,202253640050,R07C01,GSE212370,FFPE,EPIC
GSM6528898,GSM6528898_202253620052_R02C01,BRCA,GSM6528898_202253620052_R02C01,GSM6528898_202253620052_R02C01,202253620052,R02C01,GSE212370,Frozen,EPIC
GSM6528903,GSM6528903_202253640050_R03C01,BRCA,GSM6528903_202253640050_R03C01,GSM6528903_202253640050_R03C01,202253640050,R03C01,GSE212370,FFPE,EPIC
GSM6528905,GSM6528905_202253620047_R06C01,BRCA,GSM6528905_202253620047_R06C01,GSM6528905_202253620047_R06C01,202253620047,R06C01,GSE212370,FFPE,EPIC
GSM6528908,GSM6528908_202253660018_R02C01,BRCA,GSM6528908_202253660018_R02C01,GSM6528908_202253660018_R02C01,202253660018,R02C01,GSE212370,FFPE,EPIC
GSM6528896,GSM6528896_202253620047_R02C01,BRCA,GSM6528896_202253620047_R02C01,GSM6528896_202253620047_R02C01,202253620047,R02C01,GSE212370,FFPE,EPIC
GSM6528812,GSM6528812_202253620047_R01C01,BRCA,GSM6528812_202253620047_R01C01,GSM6528812_202253620047_R01C01,202253620047,R01C01,GSE212370,Frozen,EPIC
GSM6528814,GSM6528814_202253660016_R07C01,BRCA,GSM6528814_202253660016_R07C01,GSM6528814_202253660016_R07C01,202253660016,R07C01,GSE212370,Frozen,EPIC
GSM6528817,GSM6528817_202253620067_R07C01,BRCA,GSM6528817_202253620067_R07C01,GSM6528817_202253620067_R07C01,202253620067,R07C01,GSE212370,Frozen,EPIC
GSM6528823,GSM6528823_202253660013_R01C01,BRCA,GSM6528823_202253660013_R01C01,GSM6528823_202253660013_R01C01,202253660013,R01C01,GSE212370,Frozen,EPIC
GSM6528834,GSM6528834_202253620088_R06C01,BRCA,GSM6528834_202253620088_R06C01,GSM6528834_202253620088_R06C01,202253620088,R06C01,GSE212370,Frozen,EPIC
GSM6528835,GSM6528835_202253620087_R07C01,BRCA,GSM6528835_202253620087_R07C01,GSM6528835_202253620087_R07C01,202253620087,R07C01,GSE212370,Frozen,EPIC
GSM6528836,GSM6528836_202253660017_R02C01,BRCA,GSM6528836_202253660017_R02C01,GSM6528836_202253660017_R02C01,202253660017,R02C01,GSE212370,Frozen,EPIC
GSM6528839,GSM6528839_202253620047_R05C01,BRCA,GSM6528839_202253620047_R05C01,GSM6528839_202253620047_R05C01,202253620047,R05C01,GSE212370,Frozen,EPIC
GSM6528843,GSM6528843_202253660016_R05C01,BRCA,GSM6528843_202253660016_R05C01,GSM6528843_202253660016_R05C01,202253660016,R05C01,GSE212370,Frozen,EPIC
GSM6528845,GSM6528845_202253620052_R07C01,BRCA,GSM6528845_202253620052_R07C01,GSM6528845_202253620052_R07C01,202253620052,R07C01,GSE212370,Frozen,EPIC
GSM5394302,GSM5394302_200516380111_R02C01,UCEC,GSM5394302_200516380111_R02C01,GSM5394302_200516380111_R02C01,GSM5394302_200516380111,R02C01,GSE178610,Frozen,EPIC
GSM5394303,GSM5394303_200516380111_R03C01,UCEC,GSM5394303_200516380111_R03C01,GSM5394303_200516380111_R03C01,GSM5394303_200516380111,R03C01,GSE178610,Frozen,EPIC
GSM5394304,GSM5394304_200516380111_R04C01,UCEC,GSM5394304_200516380111_R04C01,GSM5394304_200516380111_R04C01,GSM5394304_200516380111,R04C01,GSE178610,Frozen,EPIC
GSM5394305,GSM5394305_200516380111_R05C01,UCEC,GSM5394305_200516380111_R05C01,GSM5394305_200516380111_R05C01,GSM5394305_200516380111,R05C01,GSE178610,Frozen,EPIC
GSM5394306,GSM5394306_200516380111_R06C01,UCEC,GSM5394306_200516380111_R06C01,GSM5394306_200516380111_R06C01,GSM5394306_200516380111,R06C01,GSE178610,Frozen,EPIC
GSM5394307,GSM5394307_200516380109_R01C01,UCEC,GSM5394307_200516380109_R01C01,GSM5394307_200516380109_R01C01,GSM5394307_200516380109,R01C01,GSE178610,Frozen,EPIC
GSM5394308,GSM5394308_200516380109_R02C01,UCEC,GSM5394308_200516380109_R02C01,GSM5394308_200516380109_R02C01,GSM5394308_200516380109,R02C01,GSE178610,Frozen,EPIC
GSM5394309,GSM5394309_200516380109_R03C01,UCEC,GSM5394309_200516380109_R03C01,GSM5394309_200516380109_R03C01,GSM5394309_200516380109,R03C01,GSE178610,Frozen,EPIC
GSM5394314,GSM5394314_200516380109_R04C01,UCEC,GSM5394314_200516380109_R04C01,GSM5394314_200516380109_R04C01,GSM5394314_200516380109,R04C01,GSE178610,Frozen,EPIC
GSM5394315,GSM5394315_200516380109_R05C01,UCEC,GSM5394315_200516380109_R05C01,GSM5394315_200516380109_R05C01,GSM5394315_200516380109,R05C01,GSE178610,Frozen,EPIC
GSM5394316,GSM5394316_200516380109_R06C01,UCEC,GSM5394316_200516380109_R06C01,GSM5394316_200516380109_R06C01,GSM5394316_200516380109,R06C01,GSE178610,Frozen,EPIC
GSM5394317,GSM5394317_200514040043_R01C01,UCEC,GSM5394317_200514040043_R01C01,GSM5394317_200514040043_R01C01,GSM5394317_200514040043,R01C01,GSE178610,Frozen,EPIC
GSM5394318,GSM5394318_200514040043_R02C01,UCEC,GSM5394318_200514040043_R02C01,GSM5394318_200514040043_R02C01,GSM5394318_200514040043,R02C01,GSE178610,Frozen,EPIC
GSM5394319,GSM5394319_200514040043_R03C01,UCEC,GSM5394319_200514040043_R03C01,GSM5394319_200514040043_R03C01,GSM5394319_200514040043,R03C01,GSE178610,Frozen,EPIC
GSM5394320,GSM5394320_200514040043_R04C01,UCEC,GSM5394320_200514040043_R04C01,GSM5394320_200514040043_R04C01,GSM5394320_200514040043,R04C01,GSE178610,Frozen,EPIC
GSM5394321,GSM5394321_200514040043_R05C01,UCEC,GSM5394321_200514040043_R05C01,GSM5394321_200514040043_R05C01,GSM5394321_200514040043,R05C01,GSE178610,Frozen,EPIC
GSM5394322,GSM5394322_200514040043_R06C01,UCEC,GSM5394322_200514040043_R06C01,GSM5394322_200514040043_R06C01,GSM5394322_200514040043,R06C01,GSE178610,Frozen,EPIC
GSM5394323,GSM5394323_200514040043_R07C01,UCEC,GSM5394323_200514040043_R07C01,GSM5394323_200514040043_R07C01,GSM5394323_200514040043,R07C01,GSE178610,Frozen,EPIC
GSM5394324,GSM5394324_201364910021_R05C01,UCEC,GSM5394324_201364910021_R05C01,GSM5394324_201364910021_R05C01,GSM5394324_201364910021,R05C01,GSE178610,Frozen,EPIC
GSM5394325,GSM5394325_201364910021_R06C01,UCEC,GSM5394325_201364910021_R06C01,GSM5394325_201364910021_R06C01,GSM5394325_201364910021,R06C01,GSE178610,Frozen,EPIC
GSM3911923,GSM3911923_203028200056_R07C01,SOC,GSM3911923_203028200056_R07C01,GSM3911923_203028200056_R07C01,GSM3911923_203028200056,R07C01,GSE133556,Frozen,EPIC
GSM3911908,GSM3911908_203028200116_R04C01,SOC,GSM3911908_203028200116_R04C01,GSM3911908_203028200116_R04C01,GSM3911908_203028200116,R04C01,GSE133556,Frozen,EPIC
GSM3912017,GSM3912017_203229450162_R01C01,SOC,GSM3912017_203229450162_R01C01,GSM3912017_203229450162_R01C01,GSM3912017_203229450162,R01C01,GSE133556,Frozen,EPIC
GSM3911891,GSM3911891_203028200044_R03C01,SOC,GSM3911891_203028200044_R03C01,GSM3911891_203028200044_R03C01,GSM3911891_203028200044,R03C01,GSE133556,Frozen,EPIC
GSM3911862,GSM3911862_203028200013_R05C01,SOC,GSM3911862_203028200013_R05C01,GSM3911862_203028200013_R05C01,GSM3911862_203028200013,R05C01,GSE133556,Frozen,EPIC
GSM3911941,GSM3911941_203028200110_R01C01,SOC,GSM3911941_203028200110_R01C01,GSM3911941_203028200110_R01C01,GSM3911941_203028200110,R01C01,GSE133556,Frozen,EPIC
GSM3912014,GSM3912014_203229450161_R06C01,SOC,GSM3912014_203229450161_R06C01,GSM3912014_203229450161_R06C01,GSM3912014_203229450161,R06C01,GSE133556,Frozen,EPIC
GSM3911914,GSM3911914_203028200122_R02C01,SOC,GSM3911914_203028200122_R02C01,GSM3911914_203028200122_R02C01,GSM3911914_203028200122,R02C01,GSE133556,Frozen,EPIC
GSM3911912,GSM3911912_203028200116_R08C01,SOC,GSM3911912_203028200116_R08C01,GSM3911912_203028200116_R08C01,GSM3911912_203028200116,R08C01,GSE133556,Frozen,EPIC
GSM3911869,GSM3911869_203028200046_R04C01,SOC,GSM3911869_203028200046_R04C01,GSM3911869_203028200046_R04C01,GSM3911869_203028200046,R04C01,GSE133556,Frozen,EPIC
GSM3911888,GSM3911888_203028200057_R08C01,SOC,GSM3911888_203028200057_R08C01,GSM3911888_203028200057_R08C01,GSM3911888_203028200057,R08C01,GSE133556,Frozen,EPIC
GSM3911931,GSM3911931_203028200094_R07C01,SOC,GSM3911931_203028200094_R07C01,GSM3911931_203028200094_R07C01,GSM3911931_203028200094,R07C01,GSE133556,Frozen,EPIC
GSM3911893,GSM3911893_203028200044_R05C01,SOC,GSM3911893_203028200044_R05C01,GSM3911893_203028200044_R05C01,GSM3911893_203028200044,R05C01,GSE133556,Frozen,EPIC
GSM3912021,GSM3912021_203229450162_R05C01,SOC,GSM3912021_203229450162_R05C01,GSM3912021_203229450162_R05C01,GSM3912021_203229450162,R05C01,GSE133556,Frozen,EPIC
GSM3911863,GSM3911863_203028200013_R06C01,SOC,GSM3911863_203028200013_R06C01,GSM3911863_203028200013_R06C01,GSM3911863_203028200013,R06C01,GSE133556,Frozen,EPIC
GSM3911874,GSM3911874_203028200054_R01C01,SOC,GSM3911874_203028200054_R01C01,GSM3911874_203028200054_R01C01,GSM3911874_203028200054,R01C01,GSE133556,Frozen,EPIC
GSM3911894,GSM3911894_203028200044_R06C01,SOC,GSM3911894_203028200044_R06C01,GSM3911894_203028200044_R06C01,GSM3911894_203028200044,R06C01,GSE133556,Frozen,EPIC
GSM3911873,GSM3911873_203028200046_R08C01,SOC,GSM3911873_203028200046_R08C01,GSM3911873_203028200046_R08C01,GSM3911873_203028200046,R08C01,GSE133556,Frozen,EPIC
GSM3911871,GSM3911871_203028200046_R06C01,SOC,GSM3911871_203028200046_R06C01,GSM3911871_203028200046_R06C01,GSM3911871_203028200046,R06C01,GSE133556,Frozen,EPIC
GSM3912025,GSM3912025_203229450180_R01C01,SOC,GSM3912025_203229450180_R01C01,GSM3912025_203229450180_R01C01,GSM3912025_203229450180,R01C01,GSE133556,Frozen,EPIC
MSK_PANC44,203175700031_R04C01,Pan-NET,203175700031_R04C01,203175700031_R04C01,203175700031,R04C01,MSK,FFPE,EPIC
MSK_PANC45,203550290033_R01C01,Pan-NET,203550290033_R01C01,203550290033_R01C01,203550290033,R01C01,MSK,FFPE,EPIC
MSK_PANC46,203550290033_R02C01,Pan-NET,203550290033_R02C01,203550290033_R02C01,203550290033,R02C01,MSK,FFPE,EPIC
MSK_PANC47,203550290033_R03C01,Pan-NET,203550290033_R03C01,203550290033_R03C01,203550290033,R03C01,MSK,FFPE,EPIC
MSK_PANC48,203550290033_R04C01,Pan-NET,203550290033_R04C01,203550290033_R04C01,203550290033,R04C01,MSK,FFPE,EPIC
MSK_PANC49,203550290033_R05C01,Pan-NET,203550290033_R05C01,203550290033_R05C01,203550290033,R05C01,MSK,FFPE,EPIC
MSK_PANC50,203550290033_R06C01,Pan-NET,203550290033_R06C01,203550290033_R06C01,203550290033,R06C01,MSK,FFPE,EPIC
MSK_PANC51,203550290033_R07C01,Pan-NET,203550290033_R07C01,203550290033_R07C01,203550290033,R07C01,MSK,FFPE,EPIC
MSK_PANC52,203550290033_R08C01,Pan-NET,203550290033_R08C01,203550290033_R08C01,203550290033,R08C01,MSK,FFPE,EPIC
MSK_PANC53,203584330061_R01C01,Pan-NET,203584330061_R01C01,203584330061_R01C01,203584330061,R01C01,MSK,FFPE,EPIC
MSK_PANC54,203584330061_R02C01,Pan-NET,203584330061_R02C01,203584330061_R02C01,203584330061,R02C01,MSK,FFPE,EPIC
MSK_PANC55,203584330061_R03C01,Pan-NET,203584330061_R03C01,203584330061_R03C01,203584330061,R03C01,MSK,FFPE,EPIC
MSK_PANC56,203584330061_R04C01,Pan-NET,203584330061_R04C01,203584330061_R04C01,203584330061,R04C01,MSK,FFPE,EPIC
MSK_PANC57,203584330061_R05C01,Pan-NET,203584330061_R05C01,203584330061_R05C01,203584330061,R05C01,MSK,FFPE,EPIC
MSK_PANC58,203584330061_R06C01,Pan-NET,203584330061_R06C01,203584330061_R06C01,203584330061,R06C01,MSK,FFPE,EPIC
MSK_PANC59,203584330061_R07C01,Pan-NET,203584330061_R07C01,203584330061_R07C01,203584330061,R07C01,MSK,FFPE,EPIC
MSK_PANC60,203584330061_R08C01,Pan-NET,203584330061_R08C01,203584330061_R08C01,203584330061,R08C01,MSK,FFPE,EPIC
MSK_PANC61,203584330069_R01C01,Pan-NET,203584330069_R01C01,203584330069_R01C01,203584330069,R01C01,MSK,FFPE,EPIC
MSK_PANC42,203168670117_R08C01,Pan-NET,203168670117_R08C01,203168670117_R08C01,203168670117,R08C01,MSK,FFPE,EPIC
MSK_PANC43,203175700031_R03C01,Pan-NET,203175700031_R03C01,203175700031_R03C01,203175700031,R03C01,MSK,FFPE,EPIC
GSM4052048,GSM4052048_HCCPER109,HCC,GSM4052048_HCCPER109,GSM4052048_HCCPER109,GSM4052048,HCCPER109,GSE136583,Frozen,EPIC
GSM4052049,GSM4052049_HCCPER116,HCC,GSM4052049_HCCPER116,GSM4052049_HCCPER116,GSM4052049,HCCPER116,GSE136583,Frozen,EPIC
GSM4052050,GSM4052050_HCCPER117,HCC,GSM4052050_HCCPER117,GSM4052050_HCCPER117,GSM4052050,HCCPER117,GSE136583,Frozen,EPIC
GSM4052051,GSM4052051_HCCPER120,HCC,GSM4052051_HCCPER120,GSM4052051_HCCPER120,GSM4052051,HCCPER120,GSE136583,Frozen,EPIC
GSM4052052,GSM4052052_HCCPER121,HCC,GSM4052052_HCCPER121,GSM4052052_HCCPER121,GSM4052052,HCCPER121,GSE136583,Frozen,EPIC
GSM4052053,GSM4052053_HCCPER179,HCC,GSM4052053_HCCPER179,GSM4052053_HCCPER179,GSM4052053,HCCPER179,GSE136583,Frozen,EPIC
GSM4052054,GSM4052054_HCCPER180,HCC,GSM4052054_HCCPER180,GSM4052054_HCCPER180,GSM4052054,HCCPER180,GSE136583,Frozen,EPIC
GSM4052055,GSM4052055_HCCPER188,HCC,GSM4052055_HCCPER188,GSM4052055_HCCPER188,GSM4052055,HCCPER188,GSE136583,Frozen,EPIC
GSM4052056,GSM4052056_HCCPER190,HCC,GSM4052056_HCCPER190,GSM4052056_HCCPER190,GSM4052056,HCCPER190,GSE136583,Frozen,EPIC
GSM4052057,GSM4052057_HCCPER200,HCC,GSM4052057_HCCPER200,GSM4052057_HCCPER200,GSM4052057,HCCPER200,GSE136583,Frozen,EPIC
GSM4052058,GSM4052058_HCCPER201,HCC,GSM4052058_HCCPER201,GSM4052058_HCCPER201,GSM4052058,HCCPER201,GSE136583,Frozen,EPIC
MSK_PANC75,202226320010_R07C01,Pan-SPN,202226320010_R07C01,202226320010_R07C01,202226320010,R07C01,MSK,FFPE,EPIC
MSK_PANC77,202226320016_R01C01,Pan-SPN,202226320016_R01C01,202226320016_R01C01,202226320016,R01C01,MSK,FFPE,EPIC
MSK_PANC78,202226320016_R02C01,Pan-SPN,202226320016_R02C01,202226320016_R02C01,202226320016,R02C01,MSK,FFPE,EPIC
MSK_PANC79,202226320016_R03C01,Pan-SPN,202226320016_R03C01,202226320016_R03C01,202226320016,R03C01,MSK,FFPE,EPIC
MSK_PANC80,202226320016_R04C01,Pan-SPN,202226320016_R04C01,202226320016_R04C01,202226320016,R04C01,MSK,FFPE,EPIC
MSK_PANC81,202226320016_R05C01,Pan-SPN,202226320016_R05C01,202226320016_R05C01,202226320016,R05C01,MSK,FFPE,EPIC
MSK_PANC125,205016910112_R08C01,Pan-NEC,205016910112_R08C01,205016910112_R08C01,205016910112,R08C01,MSK,FFPE,EPIC
MSK_PANC126,205022020013_R04C01,Pan-NEC,205022020013_R04C01,205022020013_R04C01,205022020013,R04C01,MSK,FFPE,EPIC
MSK_PANC127,205022020013_R05C01,Pan-NEC,205022020013_R05C01,205022020013_R05C01,205022020013,R05C01,MSK,FFPE,EPIC
MSK_PANC128,205022020013_R06C01,Pan-NEC,205022020013_R06C01,205022020013_R06C01,205022020013,R06C01,MSK,FFPE,EPIC
MSK_PANC129,205022020013_R07C01,Pan-NEC,205022020013_R07C01,205022020013_R07C01,205022020013,R07C01,MSK,FFPE,EPIC
GSM3519721,GSM3519721_202915410036_R06C01,HNSC,GSM3519721_202915410036_R06C01,GSM3519721_202915410036_R06C01,GSM3519721_202915410036,R06C01,,FFPE,EPIC
GSM3519722,GSM3519722_202915460126_R06C01,HNSC,GSM3519722_202915460126_R06C01,GSM3519722_202915460126_R06C01,GSM3519722_202915460126,R06C01,,FFPE,EPIC
GSM3519723,GSM3519723_202915410036_R04C01,HNSC,GSM3519723_202915410036_R04C01,GSM3519723_202915410036_R04C01,GSM3519723_202915410036,R04C01,,FFPE,EPIC
GSM3519724,GSM3519724_202790040013_R07C01,HNSC,GSM3519724_202790040013_R07C01,GSM3519724_202790040013_R07C01,GSM3519724_202790040013,R07C01,,FFPE,EPIC
GSM3519725,GSM3519725_202915410036_R03C01,HNSC,GSM3519725_202915410036_R03C01,GSM3519725_202915410036_R03C01,GSM3519725_202915410036,R03C01,,FFPE,EPIC
GSM3519726,GSM3519726_202915460126_R08C01,HNSC,GSM3519726_202915460126_R08C01,GSM3519726_202915460126_R08C01,GSM3519726_202915460126,R08C01,,FFPE,EPIC
GSM3519727,GSM3519727_202915460126_R04C01,HNSC,GSM3519727_202915460126_R04C01,GSM3519727_202915460126_R04C01,GSM3519727_202915460126,R04C01,,FFPE,EPIC
GSM3519728,GSM3519728_202915410036_R08C01,HNSC,GSM3519728_202915410036_R08C01,GSM3519728_202915410036_R08C01,GSM3519728_202915410036,R08C01,,FFPE,EPIC
GSM3519729,GSM3519729_202915460142_R04C01,HNSC,GSM3519729_202915460142_R04C01,GSM3519729_202915460142_R04C01,GSM3519729_202915460142,R04C01,,FFPE,EPIC
GSM3519730,GSM3519730_202790040026_R08C01,HNSC,GSM3519730_202790040026_R08C01,GSM3519730_202790040026_R08C01,GSM3519730_202790040026,R08C01,,FFPE,EPIC
GSM3519731,GSM3519731_202915410036_R07C01,HNSC,GSM3519731_202915410036_R07C01,GSM3519731_202915410036_R07C01,GSM3519731_202915410036,R07C01,,FFPE,EPIC
GSM3519768,GSM3519768_202123800098_R05C01,HNSC,GSM3519768_202123800098_R05C01,GSM3519768_202123800098_R05C01,GSM3519768_202123800098,R05C01,,FFPE,EPIC
GSM3519769,GSM3519769_202123800098_R04C01,HNSC,GSM3519769_202123800098_R04C01,GSM3519769_202123800098_R04C01,GSM3519769_202123800098,R04C01,,FFPE,EPIC
GSM3780872,GSM3780872_203011620003_R04C01,HNSC,GSM3780872_203011620003_R04C01,GSM3780872_203011620003_R04C01,GSM3780872_203011620003,R04C01,,FFPE,EPIC
GSM3780873,GSM3780873_203011620003_R05C01,HNSC,GSM3780873_203011620003_R05C01,GSM3780873_203011620003_R05C01,GSM3780873_203011620003,R05C01,,FFPE,EPIC
GSM3780874,GSM3780874_203011620041_R04C01,HNSC,GSM3780874_203011620041_R04C01,GSM3780874_203011620041_R04C01,GSM3780874_203011620041,R04C01,,FFPE,EPIC
GSM3780875,GSM3780875_203084910109_R07C01,HNSC,GSM3780875_203084910109_R07C01,GSM3780875_203084910109_R07C01,GSM3780875_203084910109,R07C01,,FFPE,EPIC
GSM3780876,GSM3780876_203011620003_R03C01,HNSC,GSM3780876_203011620003_R03C01,GSM3780876_203011620003_R03C01,GSM3780876_203011620003,R03C01,,FFPE,EPIC
GSM3519757,GSM3519757_202790040026_R02C01,LUSC,GSM3519757_202790040026_R02C01,GSM3519757_202790040026_R02C01,GSM3519757_202790040026,R02C01,GSE124052,FFPE,EPIC
GSM3519758,GSM3519758_202787550065_R04C01,LUSC,GSM3519758_202787550065_R04C01,GSM3519758_202787550065_R04C01,GSM3519758_202787550065,R04C01,GSE124052,FFPE,EPIC
GSM3519759,GSM3519759_202787550065_R03C01,LUSC,GSM3519759_202787550065_R03C01,GSM3519759_202787550065_R03C01,GSM3519759_202787550065,R03C01,GSE124052,FFPE,EPIC
GSM3519760,GSM3519760_202790040026_R03C01,LUSC,GSM3519760_202790040026_R03C01,GSM3519760_202790040026_R03C01,GSM3519760_202790040026,R03C01,GSE124052,FFPE,EPIC
GSM3519761,GSM3519761_202790040026_R01C01,LUSC,GSM3519761_202790040026_R01C01,GSM3519761_202790040026_R01C01,GSM3519761_202790040026,R01C01,GSE124052,FFPE,EPIC
GSM3519762,GSM3519762_202915460126_R07C01,LUSC,GSM3519762_202915460126_R07C01,GSM3519762_202915460126_R07C01,GSM3519762_202915460126,R07C01,GSE124052,FFPE,EPIC
GSM3519763,GSM3519763_202915460126_R02C01,LUSC,GSM3519763_202915460126_R02C01,GSM3519763_202915460126_R02C01,GSM3519763_202915460126,R02C01,GSE124052,FFPE,EPIC
GSM3519764,GSM3519764_202790040026_R05C01,LUSC,GSM3519764_202790040026_R05C01,GSM3519764_202790040026_R05C01,GSM3519764_202790040026,R05C01,GSE124052,FFPE,EPIC
GSM3519770,GSM3519770_202013790059_R04C01,LUSC,GSM3519770_202013790059_R04C01,GSM3519770_202013790059_R04C01,GSM3519770_202013790059,R04C01,GSE124052,FFPE,EPIC
GSM3519771,GSM3519771_202013790059_R06C01,LUSC,GSM3519771_202013790059_R06C01,GSM3519771_202013790059_R06C01,GSM3519771_202013790059,R06C01,GSE124052,FFPE,EPIC
GSM3519772,GSM3519772_202013790059_R07C01,LUSC,GSM3519772_202013790059_R07C01,GSM3519772_202013790059_R07C01,GSM3519772_202013790059,R07C01,GSE124052,FFPE,EPIC
GSM3519773,GSM3519773_202013790059_R08C01,LUSC,GSM3519773_202013790059_R08C01,GSM3519773_202013790059_R08C01,GSM3519773_202013790059,R08C01,GSE124052,FFPE,EPIC
GSM3519774,GSM3519774_202915460126_R03C01,LUSC,GSM3519774_202915460126_R03C01,GSM3519774_202915460126_R03C01,GSM3519774_202915460126,R03C01,GSE124052,FFPE,EPIC
GSM3780877,GSM3780877_203011620003_R08C01,LUSC,GSM3780877_203011620003_R08C01,GSM3780877_203011620003_R08C01,GSM3780877_203011620003,R08C01,GSE124052,FFPE,EPIC
GSM3780878,GSM3780878_203011620003_R07C01,LUSC,GSM3780878_203011620003_R07C01,GSM3780878_203011620003_R07C01,GSM3780878_203011620003,R07C01,GSE124052,FFPE,EPIC
0,CHARITE_normal_ovary_11,normal_ovary,207343250096_R03C01,207343250096_R03C01,207343250096,R03C01,CHARITE,FFPE,EPIC
0,CHARITE_normal_ovary_12,normal_ovary,207343250096_R04C01,207343250096_R04C01,207343250096,R04C01,CHARITE,FFPE,EPIC
0,CHARITE_normal_ovary_13,normal_ovary,207343250096_R05C01,207343250096_R05C01,207343250096,R05C01,CHARITE,FFPE,EPIC
0,CHARITE_normal_ovary_14,normal_ovary,207343250096_R06C01,207343250096_R06C01,207343250096,R06C01,CHARITE,FFPE,EPIC
0,CHARITE_normal_ovary_15,normal_ovary,207343250096_R07C01,207343250096_R07C01,207343250096,R07C01,CHARITE,FFPE,EPIC
0,CHARITE_normal_ovary_16,normal_ovary,207343250096_R08C01,207343250096_R08C01,207343250096,R08C01,CHARITE,FFPE,EPIC
0,207695720088_R08C01,normal_ovary,207695720088_R08C01,207695720088_R08C01,207695720088,R08C01,CHARITE,FFPE,EPIC
TEST_SAMPLE_23,PAAD,205689140052_R04C01,205689140052_R04C01,205689140052,R04C01,CHARITE,FFPE,EPIC
TEST_SAMPLE_24,PAAD,205689140052_R05C01,205689140052_R05C01,205689140052,R05C01,CHARITE,FFPE,EPIC
TEST_SAMPLE_25,PAAD,205689140052_R06C01,205689140052_R06C01,205689140052,R06C01,CHARITE,FFPE,EPIC
TEST_SAMPLE_26,PAAD,205689140052_R07C01,205689140052_R07C01,205689140052,R07C01,CHARITE,FFPE,EPIC
TEST_SAMPLE_27,PAAD,205735140082_R06C01,205735140082_R06C01,205735140082,R06C01,CHARITE,FFPE,EPIC
TEST_SAMPLE_28,PAAD,205735140082_R07C01,205735140082_R07C01,205735140082,R07C01,CHARITE,FFPE,EPIC
TEST_SAMPLE_29,PAAD,205735150040_R05C01,205735150040_R05C01,205735150040,R05C01,CHARITE,FFPE,EPIC
TEST_SAMPLE_30,PAAD,205735150040_R06C01,205735150040_R06C01,205735150040,R06C01,CHARITE,FFPE,EPIC
TEST_SAMPLE_31,PAAD,205735150040_R07C01,205735150040_R07C01,205735150040,R07C01,CHARITE,FFPE,EPIC
TEST_SAMPLE_32,PAAD,205735150040_R08C01,205735150040_R08C01,205735150040,R08C01,CHARITE,FFPE,EPIC
PAAD_metastasis_17,PAAD,207962640053_R05C01,207962640053_R05C01,207962640053,R05C01,CHARITE,FFPE,EPICv2
PAAD_metastasis_18,PAAD,207962640053_R06C01,207962640053_R06C01,207962640053,R06C01,CHARITE,FFPE,EPICv2
PAAD_metastasis_19,PAAD,207962640053_R07C01,207962640053_R07C01,207962640053,R07C01,CHARITE,FFPE,EPICv2
PAAD_metastasis_20,PAAD,207962640053_R08C01,207962640053_R08C01,207962640053,R08C01,CHARITE,FFPE,EPICv2
TEST_SAMPLE_1,PAAD,205814850073_R01C01,205814850073_R01C01,205814850073,R01C01,CHARITE,FFPE,EPIC
TEST_SAMPLE_2,PAAD,205814850073_R02C01,205814850073_R02C01,205814850073,R02C01,CHARITE,FFPE,EPIC
TEST_SAMPLE_3,PAAD,205814850073_R03C01,205814850073_R03C01,205814850073,R03C01,CHARITE,FFPE,EPIC
TEST_SAMPLE_4,PAAD,205814850073_R04C01,205814850073_R04C01,205814850073,R04C01,CHARITE,FFPE,EPIC
TEST_SAMPLE_13,PAAD,205854140048_R07C01,205854140048_R07C01,205854140048,R07C01,CHARITE,FFPE,EPIC
TEST_SAMPLE_14,PAAD,205854140048_R08C01,205854140048_R08C01,205854140048,R08C01,CHARITE,FFPE,EPIC
LAMN_TEST_69,LAMN,205689140047_R03C01,205689140047_R03C01,205689140047,R03C01,CHARITE,FFPE,EPIC
LAMN_TEST_70,LAMN,205689140047_R04C01,205689140047_R04C01,205689140047,R04C01,CHARITE,FFPE,EPIC
LAMN_TEST_71,LAMN,205689140047_R05C01,205689140047_R05C01,205689140047,R05C01,CHARITE,FFPE,EPIC
LAMN_TEST_72,LAMN,205689140047_R06C01,205689140047_R06C01,205689140047,R06C01,CHARITE,FFPE,EPIC
LAMN_TEST_73,LAMN,205689140047_R07C01,205689140047_R07C01,205689140047,R07C01,CHARITE,FFPE,EPIC
LAMN_TEST_74,LAMN,205689140047_R08C01,205689140047_R08C01,205689140047,R08C01,CHARITE,FFPE,EPIC
LAMN_TEST_75,LAMN,205689140070_R01C01,205689140070_R01C01,205689140070,R01C01,CHARITE,FFPE,EPIC
LAMN_TEST_76,LAMN,205689140070_R02C01,205689140070_R02C01,205689140070,R02C01,CHARITE,FFPE,EPIC
LAMN_TEST_77,LAMN,205689140070_R03C01,205689140070_R03C01,205689140070,R03C01,CHARITE,FFPE,EPIC
LAMN_TEST_78,LAMN,205689140070_R04C01,205689140070_R04C01,205689140070,R04C01,CHARITE,FFPE,EPIC
LAMN_TEST_79,LAMN,205689140070_R05C01,205689140070_R05C01,205689140070,R05C01,CHARITE,FFPE,EPIC
LAMN_TEST_80,LAMN,205689140070_R06C01,205689140070_R06C01,205689140070,R06C01,CHARITE,FFPE,EPIC
LAMN_TEST_81,LAMN,205689140070_R07C01,205689140070_R07C01,205689140070,R07C01,CHARITE,FFPE,EPIC
LAMN_TEST_82,LAMN,205689140070_R08C01,205689140070_R08C01,205689140070,R08C01,CHARITE,FFPE,EPIC
SOC_TEST_87,HGSOC,206178930062_R03C01,206178930062_R03C01,206178930062,R03C01,CHARITE,FFPE,EPIC
SOC_TEST_88,HGSOC,206178930062_R04C01,206178930062_R04C01,206178930062,R04C01,CHARITE,FFPE,EPIC
SOC_TEST_89,HGSOC,206178930062_R05C01,206178930062_R05C01,206178930062,R05C01,CHARITE,FFPE,EPIC
SOC_TEST_90,HGSOC,206178930062_R06C01,206178930062_R06C01,206178930062,R06C01,CHARITE,FFPE,EPIC
SOC_TEST_91,HGSOC,206387020024_R04C01,206387020024_R04C01,206387020024,R04C01,CHARITE,FFPE,EPIC
SOC_TEST_92,HGSOC,206387020024_R05C01,206387020024_R05C01,206387020024,R05C01,CHARITE,FFPE,EPIC
SOC_TEST_93,HGSOC,206387020024_R06C01,206387020024_R06C01,206387020024,R06C01,CHARITE,FFPE,EPIC
SOC_TEST_94,HGSOC,206387020024_R08C01,206387020024_R08C01,206387020024,R08C01,CHARITE,FFPE,EPIC
SOC_TEST_95,HGSOC,206999330020_R05C01,206999330020_R05C01,206999330020,R05C01,CHARITE,FFPE,EPIC
SOC_TEST_96,HGSOC,206387020024_R02C01,206387020024_R02C01,206387020024,R02C01,CHARITE,FFPE,EPIC
SOC_TEST_97,HGSOC,206387020024_R01C01,206387020024_R01C01,206387020024,R01C01,CHARITE,FFPE,EPIC
SOC_TEST_98,HGSOC,206387020024_R03C01,206387020024_R03C01,206387020024,R03C01,CHARITE,FFPE,EPIC
SOC_TEST_99,HGSOC,206387020024_R07C01,206387020024_R07C01,206387020024,R07C01,CHARITE,FFPE,EPIC
SOC_TEST_100,HGSOC,206999330020_R01C01,206999330020_R01C01,206999330020,R01C01,CHARITE,FFPE,EPIC
SOC_TEST_101,HGSOC,206999330020_R03C01,206999330020_R03C01,206999330020,R03C01,CHARITE,FFPE,EPIC
SOC_TEST_103,HGSOC,206999330020_R04C01,206999330020_R04C01,206999330020,R04C01,CHARITE,FFPE,EPIC
SOC_TEST_102,HGSOC,206999330020_R02C01,206999330020_R02C01,206999330020,R02C01,CHARITE,FFPE,EPIC
CHARITE_normal_ovary_1,normal_ovary,207343250080_R01C01,207343250080_R01C01,207343250080,R01C01,CHARITE,FFPE,EPIC
CHARITE_normal_ovary_2,normal_ovary,207343250080_R02C01,207343250080_R02C01,207343250080,R02C01,CHARITE,FFPE,EPIC
CHARITE_normal_ovary_3,normal_ovary,207343250080_R03C01,207343250080_R03C01,207343250080,R03C01,CHARITE,FFPE,EPIC
CHARITE_normal_ovary_4,normal_ovary,207343250080_R04C01,207343250080_R04C01,207343250080,R04C01,CHARITE,FFPE,EPIC
CHARITE_normal_ovary_5,normal_ovary,207343250080_R05C01,207343250080_R05C01,207343250080,R05C01,CHARITE,FFPE,EPIC
CHARITE_normal_ovary_6,normal_ovary,207343250080_R06C01,207343250080_R06C01,207343250080,R06C01,CHARITE,FFPE,EPIC
CHARITE_normal_ovary_7,normal_ovary,207343250080_R07C01,207343250080_R07C01,207343250080,R07C01,CHARITE,FFPE,EPIC
CHARITE_normal_ovary_8,normal_ovary,207343250080_R08C01,207343250080_R08C01,207343250080,R08C01,CHARITE,FFPE,EPIC
CHARITE_normal_ovary_9,normal_ovary,207343250096_R01C01,207343250096_R01C01,207343250096,R01C01,CHARITE,FFPE,EPIC
CHARITE_normal_ovary_10,normal_ovary,207343250096_R02C01,207343250096_R02C01,207343250096,R02C01,CHARITE,FFPE,EPIC
GSM7438011,COAD,GSM7438011_Sample_1_CRC,GSM7438011_Sample_1_CRC,GSM7438011_Sample_1,CRC,GSE233854,FFPE,EPIC
GSM7438012,COAD,GSM7438012_Sample_2_CRC,GSM7438012_Sample_2_CRC,GSM7438012_Sample_2,CRC,GSE233854,FFPE,EPIC
GSM7438014,COAD,GSM7438014_Sample_3_CRC,GSM7438014_Sample_3_CRC,GSM7438014_Sample_3,CRC,GSE233854,FFPE,EPIC
GSM7438015,COAD,GSM7438015_Sample_4_CRC,GSM7438015_Sample_4_CRC,GSM7438015_Sample_4,CRC,GSE233854,FFPE,EPIC
GSM7438017,COAD,GSM7438017_Sample_5_CRC,GSM7438017_Sample_5_CRC,GSM7438017_Sample_5,CRC,GSE233854,FFPE,EPIC
GSM7438018,COAD,GSM7438018_Sample_6_CRC,GSM7438018_Sample_6_CRC,GSM7438018_Sample_6,CRC,GSE233854,FFPE,EPIC
GSM7438019,COAD,GSM7438019_Sample_7_CRC,GSM7438019_Sample_7_CRC,GSM7438019_Sample_7,CRC,GSE233854,FFPE,EPIC
GSM7438020,COAD,GSM7438020_Sample_8_CRC,GSM7438020_Sample_8_CRC,GSM7438020_Sample_8,CRC,GSE233854,FFPE,EPIC
GSM7438021,COAD,GSM7438021_Sample_9_CRC,GSM7438021_Sample_9_CRC,GSM7438021_Sample_9,CRC,GSE233854,FFPE,EPIC
GSM7438023,COAD,GSM7438023_Sample_10_CRC,GSM7438023_Sample_10_CRC,GSM7438023_Sample_10,CRC,GSE233854,FFPE,EPIC
GSM7438024,COAD,GSM7438024_Sample_11_CRC,GSM7438024_Sample_11_CRC,GSM7438024_Sample_11,CRC,GSE233854,FFPE,EPIC
GSM7438025,COAD,GSM7438025_Sample_12_CRC,GSM7438025_Sample_12_CRC,GSM7438025_Sample_12,CRC,GSE233854,FFPE,EPIC
GSM7438026,COAD,GSM7438026_Sample_13_CRC,GSM7438026_Sample_13_CRC,GSM7438026_Sample_13,CRC,GSE233854,FFPE,EPIC
GSM7438027,COAD,GSM7438027_Sample_14_CRC,GSM7438027_Sample_14_CRC,GSM7438027_Sample_14,CRC,GSE233854,FFPE,EPIC
GSM7438028,COAD,GSM7438028_Sample_15_CRC,GSM7438028_Sample_15_CRC,GSM7438028_Sample_15,CRC,GSE233854,FFPE,EPIC
GSM7438029,COAD,GSM7438029_Sample_16_CRC,GSM7438029_Sample_16_CRC,GSM7438029_Sample_16,CRC,GSE233854,FFPE,EPIC
GSM7438030,COAD,GSM7438030_Sample_17_CRC,GSM7438030_Sample_17_CRC,GSM7438030_Sample_17,CRC,GSE233854,FFPE,EPIC
GSM7438031,COAD,GSM7438031_Sample_18_CRC,GSM7438031_Sample_18_CRC,GSM7438031_Sample_18,CRC,GSE233854,FFPE,EPIC
GSM7438032,COAD,GSM7438032_Sample_19_CRC,GSM7438032_Sample_19_CRC,GSM7438032_Sample_19,CRC,GSE233854,FFPE,EPIC
GSM7438033,COAD,GSM7438033_Sample_20_CRC,GSM7438033_Sample_20_CRC,GSM7438033_Sample_20,CRC,GSE233854,FFPE,EPIC
TEST_SAMPLE_51,iCCA,206905700073_R02C01,206905700073_R02C01,206905700073,R02C01,CHARITE,FFPE,EPIC
TEST_SAMPLE_52,iCCA,206905700091_R04C01,206905700091_R04C01,206905700091,R04C01,CHARITE,FFPE,EPIC
TEST_SAMPLE_53,iCCA,206905700073_R01C01,206905700073_R01C01,206905700073,R01C01,CHARITE,FFPE,EPIC
TEST_SAMPLE_54,iCCA,206905700073_R03C01,206905700073_R03C01,206905700073,R03C01,CHARITE,FFPE,EPIC
TEST_SAMPLE_55,iCCA,206905700091_R06C01,206905700091_R06C01,206905700091,R06C01,CHARITE,FFPE,EPIC
TEST_SAMPLE_56,iCCA,206905700091_R05C01,206905700091_R05C01,206905700091,R05C01,CHARITE,FFPE,EPIC
TEST_SAMPLE_57,iCCA,206905700073_R06C01,206905700073_R06C01,206905700073,R06C01,CHARITE,FFPE,EPIC
TEST_SAMPLE_58,iCCA,206905700091_R03C01,206905700091_R03C01,206905700091,R03C01,CHARITE,FFPE,EPIC
TEST_SAMPLE_59,iCCA,206905700073_R08C01,206905700073_R08C01,206905700073,R08C01,CHARITE,FFPE,EPIC
TEST_SAMPLE_60,iCCA,206905700073_R05C01,206905700073_R05C01,206905700073,R05C01,CHARITE,FFPE,EPIC
TEST_SAMPLE_61,iCCA,206905700073_R04C01,206905700073_R04C01,206905700073,R04C01,CHARITE,FFPE,EPIC
TEST_SAMPLE_62,iCCA,206905700073_R07C01,206905700073_R07C01,206905700073,R07C01,CHARITE,FFPE,EPIC
TEST_SAMPLE_63,iCCA,206905700091_R08C01,206905700091_R08C01,206905700091,R08C01,CHARITE,FFPE,EPIC
TEST_SAMPLE_64,iCCA,206905700091_R07C01,206905700091_R07C01,206905700091,R07C01,CHARITE,FFPE,EPIC
TEST_SAMPLE_65,iCCA,206905700091_R01C01,206905700091_R01C01,206905700091,R01C01,CHARITE,FFPE,EPIC
TEST_SAMPLE_66,iCCA,206905700091_R02C01,206905700091_R02C01,206905700091,R02C01,CHARITE,FFPE,EPIC
GSM3911933,normal_fallopian_tube,GSM3911933_203028200015_R01C01,GSM3911933_203028200015_R01C01,GSM3911933_203028200015,R01C01,GSE133556,Frozen,EPIC
GSM3911934,normal_fallopian_tube,GSM3911934_203028200015_R02C01,GSM3911934_203028200015_R02C01,GSM3911934_203028200015,R02C01,GSE133556,Frozen,EPIC
GSM3911935,normal_fallopian_tube,GSM3911935_203028200015_R03C01,GSM3911935_203028200015_R03C01,GSM3911935_203028200015,R03C01,GSE133556,Frozen,EPIC
GSM3911936,normal_fallopian_tube,GSM3911936_203028200015_R04C01,GSM3911936_203028200015_R04C01,GSM3911936_203028200015,R04C01,GSE133556,Frozen,EPIC
GSM3911937,normal_fallopian_tube,GSM3911937_203028200015_R05C01,GSM3911937_203028200015_R05C01,GSM3911937_203028200015,R05C01,GSE133556,Frozen,EPIC
GSM3911938,normal_fallopian_tube,GSM3911938_203028200015_R06C01,GSM3911938_203028200015_R06C01,GSM3911938_203028200015,R06C01,GSE133556,Frozen,EPIC
GSM3911939,normal_fallopian_tube,GSM3911939_203028200015_R07C01,GSM3911939_203028200015_R07C01,GSM3911939_203028200015,R07C01,GSE133556,Frozen,EPIC
GSM3911940,normal_fallopian_tube,GSM3911940_203028200015_R08C01,GSM3911940_203028200015_R08C01,GSM3911940_203028200015,R08C01,GSE133556,Frozen,EPIC
GSM3912029,normal_fallopian_tube,GSM3912029_203229450202_R02C01,GSM3912029_203229450202_R02C01,GSM3912029_203229450202,R02C01,GSE133556,Frozen,EPIC
GSM3912030,normal_fallopian_tube,GSM3912030_203229450202_R03C01,GSM3912030_203229450202_R03C01,GSM3912030_203229450202,R03C01,GSE133556,Frozen,EPIC
GSM3912031,normal_fallopian_tube,GSM3912031_203229450202_R04C01,GSM3912031_203229450202_R04C01,GSM3912031_203229450202,R04C01,GSE133556,Frozen,EPIC
GSM3912032,normal_fallopian_tube,GSM3912032_203229450202_R05C01,GSM3912032_203229450202_R05C01,GSM3912032_203229450202,R05C01,GSE133556,Frozen,EPIC
PMOC_TEST_SAMPLE_6,PMOC,204958100146_R01C01,204958100146_R01C01,204958100146,R01C01,CHARITE,FFPE,EPIC
PMOC_TEST_SAMPLE_5,PMOC,204958100146_R02C01,204958100146_R02C01,204958100146,R02C01,CHARITE,FFPE,EPIC
PMOC_TEST_SAMPLE_4,PMOC,204958100146_R03C01,204958100146_R03C01,204958100146,R03C01,CHARITE,FFPE,EPIC
PMOC_TEST_SAMPLE_9,PMOC,204792780042_R07C01,204792780042_R07C01,204792780042,R07C01,CHARITE,FFPE,EPIC
PMOC_TEST_SAMPLE_8,PMOC,204792780042_R08C01,204792780042_R08C01,204792780042,R08C01,CHARITE,FFPE,EPIC
PMOC_TEST_SAMPLE_3,PMOC,204958100146_R04C01,204958100146_R04C01,204958100146,R04C01,CHARITE,FFPE,EPIC
PMOC_TEST_SAMPLE_2,PMOC,204958100146_R05C01,204958100146_R05C01,204958100146,R05C01,CHARITE,FFPE,EPIC
PMOC_TEST_SAMPLE_1,PMOC,204958100146_R07C01,204958100146_R07C01,204958100146,R07C01,CHARITE,FFPE,EPIC
PMOC_TEST_SAMPLE_7,PMOC,204792780076_R01C01,204792780076_R01C01,204792780076,R01C01,CHARITE,FFPE,EPIC
PMOC_TEST_SAMPLE_11,PMOC,204958100011_R01C01,204958100011_R01C01,204958100011,R01C01,CHARITE,FFPE,EPIC
PMOC_TEST_SAMPLE_12,PMOC,204921830095_R07C01,204921830095_R07C01,204921830095,R07C01,CHARITE,FFPE,EPIC
Australia_PMOC_1,PMOC,207179230142_R01C01,207179230142_R01C01,207179230142,R01C01,Australia,FFPE,EPIC
Australia_PMOC_2,PMOC,207179230142_R02C01,207179230142_R02C01,207179230142,R02C01,Australia,FFPE,EPIC
Australia_PMOC_3,PMOC,207179230142_R03C01,207179230142_R03C01,207179230142,R03C01,Australia,FFPE,EPIC
Australia_PMOC_4,PMOC,207179230142_R04C01,207179230142_R04C01,207179230142,R04C01,Australia,FFPE,EPIC
207339140052_R01C01,PMOC,207339140052_R01C01,207339140052_R01C01,207339140052,R01C01,CHARITE,FFPE,EPIC
207339140052_R02C01,PMOC,207339140052_R02C01,207339140052_R02C01,207339140052,R02C01,CHARITE,FFPE,EPIC
207339140052_R03C01,PMOC,207339140052_R03C01,207339140052_R03C01,207339140052,R03C01,CHARITE,FFPE,EPIC
207339140052_R05C01,PMOC,207339140052_R05C01,207339140052_R05C01,207339140052,R05C01,CHARITE,FFPE,EPIC
207339140052_R06C01,PMOC,207339140052_R06C01,207339140052_R06C01,207339140052,R06C01,CHARITE,FFPE,EPIC
208767630038_R01C01,STAD,208767630038_R01C01,208767630038_R01C01,208767630038,R01C01,CHARITE,FFPE,EPICv2
208767630038_R02C01,STAD,208767630038_R02C01,208767630038_R02C01,208767630038,R02C01,CHARITE,FFPE,EPICv2
208767630038_R03C01,STAD,208767630038_R03C01,208767630038_R03C01,208767630038,R03C01,CHARITE,FFPE,EPICv2
208767630038_R04C01,STAD,208767630038_R04C01,208767630038_R04C01,208767630038,R04C01,CHARITE,FFPE,EPICv2
208767630038_R05C01,STAD,208767630038_R05C01,208767630038_R05C01,208767630038,R05C01,CHARITE,FFPE,EPICv2
208767630038_R06C01,STAD,208767630038_R06C01,208767630038_R06C01,208767630038,R06C01,CHARITE,FFPE,EPICv2
208767630038_R07C01,STAD,208767630038_R07C01,208767630038_R07C01,208767630038,R07C01,CHARITE,FFPE,EPICv2
208767630038_R08C01,STAD,208767630038_R08C01,208767630038_R08C01,208767630038,R08C01,CHARITE,FFPE,EPICv2
208767630159_R01C01,STAD,208767630159_R01C01,208767630159_R01C01,208767630159,R01C01,CHARITE,FFPE,EPICv2
208767630159_R02C01,STAD,208767630159_R02C01,208767630159_R02C01,208767630159,R02C01,CHARITE,FFPE,EPICv2
208767630159_R03C01,STAD,208767630159_R03C01,208767630159_R03C01,208767630159,R03C01,CHARITE,FFPE,EPICv2
208767630159_R04C01,STAD,208767630159_R04C01,208767630159_R04C01,208767630159,R04C01,CHARITE,FFPE,EPICv2
208767630159_R05C01,STAD,208767630159_R05C01,208767630159_R05C01,208767630159,R05C01,CHARITE,FFPE,EPICv2
208767630159_R06C01,STAD,208767630159_R06C01,208767630159_R06C01,208767630159,R06C01,CHARITE,FFPE,EPICv2
208767630159_R07C01,STAD,208767630159_R07C01,208767630159_R07C01,208767630159,R07C01,CHARITE,FFPE,EPICv2
208767630159_R08C01,STAD,208767630159_R08C01,208767630159_R08C01,208767630159,R08C01,CHARITE,FFPE,EPICv2
208767630170_R01C01,STAD,208767630170_R01C01,208767630170_R01C01,208767630170,R01C01,CHARITE,FFPE,EPICv2
208767630170_R02C01,STAD,208767630170_R02C01,208767630170_R02C01,208767630170,R02C01,CHARITE,FFPE,EPICv2
208767630170_R03C01,STAD,208767630170_R03C01,208767630170_R03C01,208767630170,R03C01,CHARITE,FFPE,EPICv2
208767630170_R04C01,STAD,208767630170_R04C01,208767630170_R04C01,208767630170,R04C01,CHARITE,FFPE,EPICv2
GSM7927600,LUAD,GSM7927600_MTX7_206009570062_R06C01,GSM7927600_MTX7_206009570062_R06C01,206009570062,R06C01,GSE249157,Frozen,EPIC
GSM7927602,LUAD,GSM7927602_MTX14_206009570153_R02C01,GSM7927602_MTX14_206009570153_R02C01,206009570153,R02C01,GSE249157,Frozen,EPIC
GSM7927603,LUAD,GSM7927603_MTX15_206009570153_R03C01,GSM7927603_MTX15_206009570153_R03C01,206009570153,R03C01,GSE249157,Frozen,EPIC
GSM7927605,LUAD,GSM7927605_MTX17_206009570153_R05C01,GSM7927605_MTX17_206009570153_R05C01,206009570153,R05C01,GSE249157,Frozen,EPIC
GSM7927609,LUAD,GSM7927609_MTX6_206009570177_R03C01,GSM7927609_MTX6_206009570177_R03C01,206009570177,R03C01,GSE249157,Frozen,EPIC
GSM7927611,LUAD,GSM7927611_MTX22_206009570177_R05C01,GSM7927611_MTX22_206009570177_R05C01,206009570177,R05C01,GSE249157,Frozen,EPIC
brain_cancer_1,LUAD,205751520032_R05C01,205751520032_R05C01,205751520032,R05C01,CHARITE,FFPE,EPIC
brain_cancer_2,LUAD,207695720028_R01C01,207695720028_R01C01,207695720028,R01C01,CHARITE,FFPE,EPIC
brain_cancer_6,LUAD,203808720090_R02C01,203808720090_R02C01,203808720090,R02C01,CHARITE,FFPE,EPIC
brain_cancer_7,LUAD,203810690124_R03C01,203810690124_R03C01,203810690124,R03C01,CHARITE,FFPE,EPIC
GSM6528804,BRCA,GSM6528804_202253660119_R08C01,GSM6528804_202253660119_R08C01,202253660119,R08C01,GSE212370,Frozen,EPIC
GSM6528837,BRCA,GSM6528837_202253620088_R03C01,GSM6528837_202253620088_R03C01,202253620088,R03C01,GSE212370,Frozen,EPIC
GSM6528897,BRCA,GSM6528897_202253620052_R06C01,GSM6528897_202253620052_R06C01,202253620052,R06C01,GSE212370,Frozen,EPIC
GSM6528900,BRCA,GSM6528900_202253620050_R08C01,GSM6528900_202253620050_R08C01,202253620050,R08C01,GSE212370,Frozen,EPIC
GSM6528902,BRCA,GSM6528902_202253660014_R02C01,GSM6528902_202253660014_R02C01,202253660014,R02C01,GSE212370,Frozen,EPIC
GSM6528792,BRCA,GSM6528792_202253640072_R07C01,GSM6528792_202253640072_R07C01,202253640072,R07C01,GSE212370,Frozen,EPIC
GSM6528846,BRCA,GSM6528846_202253620042_R06C01,GSM6528846_202253620042_R06C01,202253620042,R06C01,GSE212370,Frozen,EPIC
GSM6528811,BRCA,GSM6528811_202253620088_R05C01,GSM6528811_202253620088_R05C01,202253620088,R05C01,GSE212370,FFPE,EPIC
GSM6528818,BRCA,GSM6528818_202253660016_R04C01,GSM6528818_202253660016_R04C01,202253660016,R04C01,GSE212370,FFPE,EPIC
GSM6528821,BRCA,GSM6528821_203293440234_R08C01,GSM6528821_203293440234_R08C01,203293440234,R08C01,GSE212370,FFPE,EPIC
GSM6528825,BRCA,GSM6528825_203299670096_R01C01,GSM6528825_203299670096_R01C01,203299670096,R01C01,GSE212370,FFPE,EPIC
GSM6528827,BRCA,GSM6528827_202253660018_R05C01,GSM6528827_202253660018_R05C01,202253660018,R05C01,GSE212370,FFPE,EPIC
GSM6528829,BRCA,GSM6528829_202253620087_R04C01,GSM6528829_202253620087_R04C01,202253620087,R04C01,GSE212370,FFPE,EPIC
GSM6528830,BRCA,GSM6528830_203299670096_R02C01,GSM6528830_203299670096_R02C01,203299670096,R02C01,GSE212370,FFPE,EPIC
GSM6528849,BRCA,GSM6528849_202253620050_R03C01,GSM6528849_202253620050_R03C01,202253620050,R03C01,GSE212370,FFPE,EPIC
GSM6528856,BRCA,GSM6528856_202253620052_R05C01,GSM6528856_202253620052_R05C01,202253620052,R05C01,GSE212370,Frozen,EPIC
GSM6528866,BRCA,GSM6528866_202253660017_R08C01,GSM6528866_202253660017_R08C01,202253660017,R08C01,GSE212370,FFPE,EPIC
GSM5394280,UCEC,GSM5394280_200379150034_R01C01,GSM5394280_200379150034_R01C01,GSM5394280_200379150034,R01C01,GSE178610,Frozen,EPIC
GSM5394281,UCEC,GSM5394281_200379150034_R02C01,GSM5394281_200379150034_R02C01,GSM5394281_200379150034,R02C01,GSE178610,Frozen,EPIC
GSM5394282,UCEC,GSM5394282_200379150034_R03C01,GSM5394282_200379150034_R03C01,GSM5394282_200379150034,R03C01,GSE178610,Frozen,EPIC
GSM5394283,UCEC,GSM5394283_200379150034_R04C01,GSM5394283_200379150034_R04C01,GSM5394283_200379150034,R04C01,GSE178610,Frozen,EPIC
GSM5394284,UCEC,GSM5394284_200379150034_R05C01,GSM5394284_200379150034_R05C01,GSM5394284_200379150034,R05C01,GSE178610,Frozen,EPIC
GSM5394285,UCEC,GSM5394285_200379150034_R06C01,GSM5394285_200379150034_R06C01,GSM5394285_200379150034,R06C01,GSE178610,Frozen,EPIC
GSM5394286,UCEC,GSM5394286_200379150034_R08C01,GSM5394286_200379150034_R08C01,GSM5394286_200379150034,R08C01,GSE178610,Frozen,EPIC
GSM5394287,UCEC,GSM5394287_200379150037_R01C01,GSM5394287_200379150037_R01C01,GSM5394287_200379150037,R01C01,GSE178610,Frozen,EPIC
GSM5394288,UCEC,GSM5394288_200379150037_R02C01,GSM5394288_200379150037_R02C01,GSM5394288_200379150037,R02C01,GSE178610,Frozen,EPIC
GSM5394289,UCEC,GSM5394289_200379150037_R03C01,GSM5394289_200379150037_R03C01,GSM5394289_200379150037,R03C01,GSE178610,Frozen,EPIC
GSM5394290,UCEC,GSM5394290_200379150037_R04C01,GSM5394290_200379150037_R04C01,GSM5394290_200379150037,R04C01,GSE178610,Frozen,EPIC
GSM5394291,UCEC,GSM5394291_200379150037_R05C01,GSM5394291_200379150037_R05C01,GSM5394291_200379150037,R05C01,GSE178610,Frozen,EPIC
GSM5394292,UCEC,GSM5394292_200379150037_R06C01,GSM5394292_200379150037_R06C01,GSM5394292_200379150037,R06C01,GSE178610,Frozen,EPIC
GSM5394293,UCEC,GSM5394293_200379150037_R07C01,GSM5394293_200379150037_R07C01,GSM5394293_200379150037,R07C01,GSE178610,Frozen,EPIC
GSM5394294,UCEC,GSM5394294_200379150037_R08C01,GSM5394294_200379150037_R08C01,GSM5394294_200379150037,R08C01,GSE178610,Frozen,EPIC
GSM5394295,UCEC,GSM5394295_200516380111_R01C01,GSM5394295_200516380111_R01C01,GSM5394295_200516380111,R01C01,GSE178610,Frozen,EPIC
0,MSK_PANC1,Pan-NET,203168670002_R05C01,203168670002_R05C01,203168670002,R05C01,MSK,FFPE,EPIC
0,MSK_PANC2,Pan-NET,203168670002_R06C01,203168670002_R06C01,203168670002,R06C01,MSK,FFPE,EPIC
0,MSK_PANC3,Pan-NET,203168670002_R08C01,203168670002_R08C01,203168670002,R08C01,MSK,FFPE,EPIC
0,MSK_PANC5,Pan-NET,203168670112_R02C01,203168670112_R02C01,203168670112,R02C01,MSK,FFPE,EPIC
0,MSK_PANC6,Pan-NET,203168670112_R03C01,203168670112_R03C01,203168670112,R03C01,MSK,FFPE,EPIC
0,MSK_PANC7,Pan-NET,203168670112_R04C01,203168670112_R04C01,203168670112,R04C01,MSK,FFPE,EPIC
0,MSK_PANC8,Pan-NET,203168670112_R05C01,203168670112_R05C01,203168670112,R05C01,MSK,FFPE,EPIC
0,MSK_PANC9,Pan-NET,203168670112_R06C01,203168670112_R06C01,203168670112,R06C01,MSK,FFPE,EPIC
0,MSK_PANC10,Pan-NET,203168670112_R07C01,203168670112_R07C01,203168670112,R07C01,MSK,FFPE,EPIC
0,MSK_PANC11,Pan-NET,203168670112_R08C01,203168670112_R08C01,203168670112,R08C01,MSK,FFPE,EPIC
0,MSK_PANC12,Pan-NET,203175700032_R01C01,203175700032_R01C01,203175700032,R01C01,MSK,FFPE,EPIC
0,MSK_PANC13,Pan-NET,203175700032_R02C01,203175700032_R02C01,203175700032,R02C01,MSK,FFPE,EPIC
0,MSK_PANC15,Pan-NET,203175700032_R04C01,203175700032_R04C01,203175700032,R04C01,MSK,FFPE,EPIC
0,MSK_PANC18,Pan-NET,203175700032_R07C01,203175700032_R07C01,203175700032,R07C01,MSK,FFPE,EPIC
0,MSK_PANC24,Pan-NET,203175700063_R06C01,203175700063_R06C01,203175700063,R06C01,MSK,FFPE,EPIC
0,MSK_PANC35,Pan-NET,203168670117_R01C01,203168670117_R01C01,203168670117,R01C01,MSK,FFPE,EPIC
0,MSK_PANC40,Pan-NET,203168670117_R06C01,203168670117_R06C01,203168670117,R06C01,MSK,FFPE,EPIC
0,MSK_PANC41,Pan-NET,203168670117_R07C01,203168670117_R07C01,203168670117,R07C01,MSK,FFPE,EPIC
0,GSM4052028,HCC,GSM4052028_HCCPER004,GSM4052028_HCCPER004,GSM4052028,HCCPER004,GSE136583,Frozen,EPIC
0,GSM4052029,HCC,GSM4052029_HCCPER015,GSM4052029_HCCPER015,GSM4052029,HCCPER015,GSE136583,Frozen,EPIC
0,GSM4052030,HCC,GSM4052030_HCCPER025,GSM4052030_HCCPER025,GSM4052030,HCCPER025,GSE136583,Frozen,EPIC
0,GSM4052031,HCC,GSM4052031_HCCPER026,GSM4052031_HCCPER026,GSM4052031,HCCPER026,GSE136583,Frozen,EPIC
0,GSM4052036,HCC,GSM4052036_HCCPER070,GSM4052036_HCCPER070,GSM4052036,HCCPER070,GSE136583,Frozen,EPIC
0,GSM4052037,HCC,GSM4052037_HCCPER083,GSM4052037_HCCPER083,GSM4052037,HCCPER083,GSE136583,Frozen,EPIC
0,GSM4052038,HCC,GSM4052038_HCCPER088,GSM4052038_HCCPER088,GSM4052038,HCCPER088,GSE136583,Frozen,EPIC
0,GSM4052039,HCC,GSM4052039_HCCPER091,GSM4052039_HCCPER091,GSM4052039,HCCPER091,GSE136583,Frozen,EPIC
0,GSM4052040,HCC,GSM4052040_HCCPER092,GSM4052040_HCCPER092,GSM4052040,HCCPER092,GSE136583,Frozen,EPIC
0,GSM4052041,HCC,GSM4052041_HCCPER093,GSM4052041_HCCPER093,GSM4052041,HCCPER093,GSE136583,Frozen,EPIC
0,GSM4052042,HCC,GSM4052042_HCCPER095,GSM4052042_HCCPER095,GSM4052042,HCCPER095,GSE136583,Frozen,EPIC
0,GSM4052043,HCC,GSM4052043_HCCPER099,GSM4052043_HCCPER099,GSM4052043,HCCPER099,GSE136583,Frozen,EPIC
0,GSM4052044,HCC,GSM4052044_HCCPER100,GSM4052044_HCCPER100,GSM4052044,HCCPER100,GSE136583,Frozen,EPIC
0,GSM4052045,HCC,GSM4052045_HCCPER101,GSM4052045_HCCPER101,GSM4052045,HCCPER101,GSE136583,Frozen,EPIC
0,GSM4052046,HCC,GSM4052046_HCCPER104,GSM4052046_HCCPER104,GSM4052046,HCCPER104,GSE136583,Frozen,EPIC
0,GSM4052047,HCC,GSM4052047_HCCPER106,GSM4052047_HCCPER106,GSM4052047,HCCPER106,GSE136583,Frozen,EPIC
0,MSK_PANC69,Pan-SPN,202226320010_R01C01,202226320010_R01C01,202226320010,R01C01,MSK,FFPE,EPIC
0,MSK_PANC70,Pan-SPN,202226320010_R02C01,202226320010_R02C01,202226320010,R02C01,MSK,FFPE,EPIC
0,MSK_PANC71,Pan-SPN,202226320010_R03C01,202226320010_R03C01,202226320010,R03C01,MSK,FFPE,EPIC
0,MSK_PANC72,Pan-SPN,202226320010_R04C01,202226320010_R04C01,202226320010,R04C01,MSK,FFPE,EPIC
0,MSK_PANC73,Pan-SPN,202226320010_R05C01,202226320010_R05C01,202226320010,R05C01,MSK,FFPE,EPIC
0,MSK_PANC74,Pan-SPN,202226320010_R06C01,202226320010_R06C01,202226320010,R06C01,MSK,FFPE,EPIC
0,MSK_PANC120,Pan-NEC,205130650033_R03C01,205130650033_R03C01,205130650033,R03C01,MSK,FFPE,EPIC
0,MSK_PANC121,Pan-NEC,205130650051_R06C01,205130650051_R06C01,205130650051,R06C01,MSK,FFPE,EPIC
0,MSK_PANC122,Pan-NEC,205016910112_R05C01,205016910112_R05C01,205016910112,R05C01,MSK,FFPE,EPIC
0,MSK_PANC123,Pan-NEC,205016910112_R06C01,205016910112_R06C01,205016910112,R06C01,MSK,FFPE,EPIC
0,MSK_PANC124,Pan-NEC,205016910112_R07C01,205016910112_R07C01,205016910112,R07C01,MSK,FFPE,EPIC
0,GSM3519732,HNSC,GSM3519732_202790040026_R04C01,GSM3519732_202790040026_R04C01,GSM3519732_202790040026,R04C01,GSE124052,FFPE,EPIC
0,GSM3519733,HNSC,GSM3519733_202915410151_R02C01,GSM3519733_202915410151_R02C01,GSM3519733_202915410151,R02C01,GSE124052,FFPE,EPIC
0,GSM3519734,HNSC,GSM3519734_202915410036_R02C01,GSM3519734_202915410036_R02C01,GSM3519734_202915410036,R02C01,GSE124052,FFPE,EPIC
0,GSM3519735,HNSC,GSM3519735_202915460126_R05C01,GSM3519735_202915460126_R05C01,GSM3519735_202915460126,R05C01,GSE124052,FFPE,EPIC
0,GSM3519736,HNSC,GSM3519736_202915410151_R03C01,GSM3519736_202915410151_R03C01,GSM3519736_202915410151,R03C01,GSE124052,FFPE,EPIC
0,GSM3519737,HNSC,GSM3519737_202915460087_R07C01,GSM3519737_202915460087_R07C01,GSM3519737_202915460087,R07C01,GSE124052,FFPE,EPIC
0,GSM3519738,HNSC,GSM3519738_202787550065_R07C01,GSM3519738_202787550065_R07C01,GSM3519738_202787550065,R07C01,GSE124052,FFPE,EPIC
0,GSM3519739,HNSC,GSM3519739_202915460087_R06C01,GSM3519739_202915460087_R06C01,GSM3519739_202915460087,R06C01,GSE124052,FFPE,EPIC
0,GSM3519740,HNSC,GSM3519740_202915460142_R03C01,GSM3519740_202915460142_R03C01,GSM3519740_202915460142,R03C01,GSE124052,FFPE,EPIC
0,GSM3519741,HNSC,GSM3519741_202915460142_R02C01,GSM3519741_202915460142_R02C01,GSM3519741_202915460142,R02C01,GSE124052,FFPE,EPIC
0,GSM3519742,HNSC,GSM3519742_202915410151_R05C01,GSM3519742_202915410151_R05C01,GSM3519742_202915410151,R05C01,GSE124052,FFPE,EPIC
0,GSM3519743,HNSC,GSM3519743_202790040013_R08C01,GSM3519743_202790040013_R08C01,GSM3519743_202790040013,R08C01,GSE124052,FFPE,EPIC
0,GSM3519744,HNSC,GSM3519744_202787550065_R05C01,GSM3519744_202787550065_R05C01,GSM3519744_202787550065,R05C01,GSE124052,FFPE,EPIC
0,GSM3519745,HNSC,GSM3519745_202915410151_R01C01,GSM3519745_202915410151_R01C01,GSM3519745_202915410151,R01C01,GSE124052,FFPE,EPIC
0,GSM3519746,HNSC,GSM3519746_202787550068_R06C01,GSM3519746_202787550068_R06C01,GSM3519746_202787550068,R06C01,GSE124052,FFPE,EPIC
0,GSM3519765,HNSC,GSM3519765_202013790105_R07C01,GSM3519765_202013790105_R07C01,GSM3519765_202013790105,R07C01,GSE124052,FFPE,EPIC
0,GSM3519766,HNSC,GSM3519766_202013790105_R08C01,GSM3519766_202013790105_R08C01,GSM3519766_202013790105,R08C01,GSE124052,FFPE,EPIC
0,GSM3519767,HNSC,GSM3519767_202013790059_R03C01,GSM3519767_202013790059_R03C01,GSM3519767_202013790059,R03C01,GSE124052,FFPE,EPIC
0,GSM7927599,LUSC,GSM7927599_MTX5_206009570062_R05C01,GSM7927599_MTX5_206009570062_R05C01,206009570062,R05C01,GSE249157,Frozen,EPIC
0,GSM7927608,LUSC,GSM7927608_MTX20_206009570177_R02C01,GSM7927608_MTX20_206009570177_R02C01,206009570177,R02C01,GSE249157,Frozen,EPIC
0,GSM7927610,LUSC,GSM7927610_MTX21_206009570177_R04C01,GSM7927610_MTX21_206009570177_R04C01,206009570177,R04C01,GSE249157,Frozen,EPIC
0,GSM7927612,LUSC,GSM7927612_MTX23_206009570177_R06C01,GSM7927612_MTX23_206009570177_R06C01,206009570177,R06C01,GSE249157,Frozen,EPIC
0,GSM3519747,LUSC,GSM3519747_202915410036_R01C01,GSM3519747_202915410036_R01C01,GSM3519747_202915410036,R01C01,GSE124052,FFPE,EPIC
0,GSM3519748,LUSC,GSM3519748_202915460142_R01C01,GSM3519748_202915460142_R01C01,GSM3519748_202915460142,R01C01,GSE124052,FFPE,EPIC
0,GSM3519749,LUSC,GSM3519749_202787550068_R07C01,GSM3519749_202787550068_R07C01,GSM3519749_202787550068,R07C01,GSE124052,FFPE,EPIC
0,GSM3519750,LUSC,GSM3519750_202915460087_R04C01,GSM3519750_202915460087_R04C01,GSM3519750_202915460087,R04C01,GSE124052,FFPE,EPIC
0,GSM3519751,LUSC,GSM3519751_202790040026_R06C01,GSM3519751_202790040026_R06C01,GSM3519751_202790040026,R06C01,GSE124052,FFPE,EPIC
0,GSM3519752,LUSC,GSM3519752_202915410151_R04C01,GSM3519752_202915410151_R04C01,GSM3519752_202915410151,R04C01,GSE124052,FFPE,EPIC
0,GSM3519753,LUSC,GSM3519753_202915410151_R06C01,GSM3519753_202915410151_R06C01,GSM3519753_202915410151,R06C01,GSE124052,FFPE,EPIC
0,GSM3519754,LUSC,GSM3519754_202915460087_R08C01,GSM3519754_202915460087_R08C01,GSM3519754_202915460087,R08C01,GSE124052,FFPE,EPIC
0,GSM3519755,LUSC,GSM3519755_202013790059_R05C01,GSM3519755_202013790059_R05C01,GSM3519755_202013790059,R05C01,GSE124052,FFPE,EPIC
0,GSM3519756,LUSC,GSM3519756_202915460142_R06C01,GSM3519756_202915460142_R06C01,GSM3519756_202915460142,R06C01,GSE124052,FFPE,EPIC
0,CHARITE_normal_ovary_1,normal_ovary,207343250080_R01C01,207343250080_R01C01,207343250080,R01C01,CHARITE,FFPE,EPIC
0,CHARITE_normal_ovary_2,normal_ovary,207343250080_R02C01,207343250080_R02C01,207343250080,R02C01,CHARITE,FFPE,EPIC
0,CHARITE_normal_ovary_3,normal_ovary,207343250080_R03C01,207343250080_R03C01,207343250080,R03C01,CHARITE,FFPE,EPIC
0,CHARITE_normal_ovary_4,normal_ovary,207343250080_R04C01,207343250080_R04C01,207343250080,R04C01,CHARITE,FFPE,EPIC
0,CHARITE_normal_ovary_5,normal_ovary,207343250080_R05C01,207343250080_R05C01,207343250080,R05C01,CHARITE,FFPE,EPIC
0,CHARITE_normal_ovary_6,normal_ovary,207343250080_R06C01,207343250080_R06C01,207343250080,R06C01,CHARITE,FFPE,EPIC
0,CHARITE_normal_ovary_7,normal_ovary,207343250080_R07C01,207343250080_R07C01,207343250080,R07C01,CHARITE,FFPE,EPIC
0,CHARITE_normal_ovary_8,normal_ovary,207343250080_R08C01,207343250080_R08C01,207343250080,R08C01,CHARITE,FFPE,EPIC
0,CHARITE_normal_ovary_9,normal_ovary,207343250096_R01C01,207343250096_R01C01,207343250096,R01C01,CHARITE,FFPE,EPIC
0,CHARITE_normal_ovary_10,normal_ovary,207343250096_R02C01,207343250096_R02C01,207343250096,R02C01,CHARITE,FFPE,EPIC